Nom,Activité,Site internet (url racine),Téléphone,Téléphone suplémentaire,Fuseau horaire,Adresse 1,Ville,Code postal,Etat,Pays,Email,Page de contact 1,Lien_réseaux_sociaux,Unique_Email,provenance,owner,leadStatus,Ref,Nom_listing
Bijouterie Bottazzi Jean-Marc,Service de réparation de montres et d'horloges,http://www.bijouteriebottazzi.fr,+33 1 44 71 05 72,+33 1 44 71 05 72,Europe/Paris,11 Rue de Caumartin,Paris,75009,Île-de-France,France,camillebottazzi@gmail.com jm@bottazzi.fr,,https://facebook.com/pages/bijouterie-jean-marc-bottazzi-achat-or-paris-madeleine/123575634319797 https://facebook.com/bijouteriebottazzi https://youtube.com/channel/UCZ5Q8a2Pj-zozTkRxCJsASA https://instagram.com/bijouteriebottazzi,camillebottazzi@gmail.com,scrap.io,pmonimeau@media-start.fr,NEW,TRY,bijoutier-paris.csv
Jeanne Danjou et Rousselet,Magasin d'antiquités,http://jeannedanjou.com,+33 1 43 54 99 32,+33 1 43 54 99 32,Europe/Paris,15 Pl. du Pont Neuf,Paris,75001,Île-de-France,France,jdanjourousselet@gmail.com,,https://facebook.com/pages/jeanne-danjou-vintage-costume-jewelry-paris/1545353479054661 https://instagram.com/jeannedanjou,jdanjourousselet@gmail.com,scrap.io,pmonimeau@media-start.fr,NEW,TRY,bijoutier-paris.csv
Maty,Bijoutier,https://www.maty.com,+33 1 47 42 94 00,+33 1 47 42 94 00,Europe/Paris,4 Pl. de l'Opéra,Paris,75002,Île-de-France,France,,https://www.maty.com/contact.html,https://facebook.com/maty.bijoutier https://youtube.com/user/MatyBijoutier https://instagram.com/maty_officiel https://linkedin.com/company/maty-sas,,scrap.io,pmonimeau@media-start.fr,NEW,TRY,bijoutier-paris.csv
Bijoux Vintage - LE VILLAGE SUISSE,Gemmologue,http://www.bijouxvintage.paris,+33 1 73 75 12 37,+33 1 73 75 12 37,Europe/Paris,6 Avenue de Champaubert Galerie 58 - place de Lucerne,Paris,75015,Île-de-France,France,bijouxvintage75@gmail.com joaillerie.siera@gmail.com,https://www.bijouxvintage.paris/contacter-prendre-rendez-vous,https://facebook.com/bijouxvintageparis https://youtube.com/channel/UCkV3PDhayCFHaURNN-o9O7A https://instagram.com/bijouxvintage75 https://linkedin.com/company/bijouxvintage,bijouxvintage75@gmail.com,scrap.io,pmonimeau@media-start.fr,NEW,TRY,bijoutier-paris.csv
Sirius,Artisanat,https://www.instagram.com,+33 9 84 27 60 15,+33 9 84 27 60 15,Europe/Paris,64 Rue Mouffetard,Paris,75005,Île-de-France,France,,,nan https://instagram.com/bijouxsirius,,scrap.io,pmonimeau@media-start.fr,NEW,TRY,bijoutier-paris.csv
Bijouterie Chadourne,Service de réparation de montres et d'horloges,https://www.chadourne.com,+33 1 45 48 19 43,+33 1 45 48 19 43,Europe/Paris,6 Rue de Babylone,Paris,75007,Île-de-France,France,chadourne.joaillier@orange.fr,https://www.chadourne.com/fr/contact,https://facebook.com/chadournejoaillier https://instagram.com/joailleriechadourne,chadourne.joaillier@orange.fr,scrap.io,pmonimeau@media-start.fr,NEW,TRY,bijoutier-paris.csv
Louis Pion Paris Bhv Marais,Bijoutier,https://boutiques.louispion.fr,+33 1 42 74 94 39,+33 1 42 74 94 39,Europe/Paris,"Bhv Marais, 55 Rue de la Verrerie",Paris,75004,Île-de-France,France,rosny200@louispion.fr victorhugo234@louispion.fr velizy62@louispion.fr ruederennes149@louispion.fr 319glrosny@louispion.fr,,,rosny200@louispion.fr,scrap.io,pmonimeau@media-start.fr,NEW,TRY,bijoutier-paris.csv
Cie Bracelet Montre,Service de réparation de montres et d'horloges,http://www.cie-bracelet-montre.com,+33 1 45 44 99 37,+33 1 45 44 99 37,Europe/Paris,25 Rue du Dragon,Paris,75006,Île-de-France,France,contact@cie-bracelet-montre.com contact@cie-bracelet-montre.fr,,https://facebook.com/ciebraceletmontreparis https://instagram.com/cie_bracelet_montre,contact@cie-bracelet-montre.com,scrap.io,pmonimeau@media-start.fr,NEW,TRY,bijoutier-paris.csv
Chaumet,Bijoutier,https://www.chaumet.com,+33 1 56 88 50 20,+33 1 56 88 50 20,Europe/Paris,56 Rue François 1er,Paris,75008,Île-de-France,France,,,https://facebook.com/chaumet https://youtube.com/user/Chaumet https://twitter.com/chaumet https://instagram.com/chaumetofficial https://linkedin.com/company/chaumet,,scrap.io,pmonimeau@media-start.fr,NEW,TRY,bijoutier-paris.csv
Gobelins Tapis,Grossiste en produits artisanaux,http://www.gobelins-tapis.com,+33 1 43 36 30 38,+33 1 43 36 30 38,Europe/Paris,36 Av. des Gobelins,Paris,75013,Île-de-France,France,contact@gobelins-tapis.com,https://www.gobelins-tapis.com/pages/nous-contacter-trouver,https://facebook.com/pages/gobelins-tapis-merveilles-de-linde/74685107482 https://facebook.com/gobelins-tapis-merveilles-de-linde-74685107482,contact@gobelins-tapis.com,scrap.io,pmonimeau@media-start.fr,NEW,TRY,bijoutier-paris.csv
Louis Pion,Bijoutier,https://boutiques.louispion.fr,+33 1 40 26 53 13,+33 1 40 26 53 13,Europe/Paris,Rue Berger,Paris,75001,Île-de-France,France,ladefense141@louispion.fr victorhugo234@louispion.fr lespassages226@louispion.fr lphausmann302@louispion.fr lprivoli303@louispion.fr,,,ladefense141@louispion.fr,scrap.io,pmonimeau@media-start.fr,NEW,TRY,bijoutier-paris.csv
Ignace,Bijoutier,http://www.ignace-paris.com,+33 1 42 84 46 82,+33 1 42 84 46 82,Europe/Paris,87 Rue du Bac,Paris,75007,Île-de-France,France,serviceclient@ignace-paris.com ignacecontact@gmail.com,https://www.ignace-paris.com/contact,https://facebook.com/ignaceparis https://twitter.com/ignace_paris https://instagram.com/ignace_paris,serviceclient@ignace-paris.com,scrap.io,pmonimeau@media-start.fr,NEW,TRY,bijoutier-paris.csv
Mellerio,Bijoutier,http://www.mellerio.fr,+33 1 42 61 57 53,+33 1 42 61 57 53,Europe/Paris,9 Rue de la Paix,Paris,75002,Île-de-France,France,contact@mellerio.fr email@domaine.com,,https://facebook.com/melleriojoaillier https://twitter.com/ https://instagram.com/melleriojoaillier https://linkedin.com/collect,contact@mellerio.fr,scrap.io,pmonimeau@media-start.fr,NEW,TRY,bijoutier-paris.csv
Baccarat,Magasin de décorations de Noël,http://boutique.baccarat.fr,+33 1 40 22 14 37,+33 1 40 22 14 37,Europe/Paris,"Printemps, De la Mode R-1, 64 Bd Haussmann",Paris,75009,Île-de-France,France,,,https://facebook.com/baccarat https://twitter.com/baccarat https://instagram.com/baccarat,,scrap.io,pmonimeau@media-start.fr,NEW,TRY,bijoutier-paris.csv
Monsieur Paris,Bijoutier,https://www.monsieur-paris.com,+33 6 50 02 01 75,+33 6 50 02 01 75,Europe/Paris,53 Rue Charlot,Paris,75003,Île-de-France,France,boutique@monsieur-paris.com contact@monsieur-paris.com coralie@monsieur-paris.com eshop@monsieur-paris.com press@monsieur-paris.com,https://www.monsieur-paris.com/contactez-nous https://www.monsieur-paris.com/en/contactez-nous,https://facebook.com/monsieurbijouterie https://instagram.com/monsieur.paris,boutique@monsieur-paris.com,scrap.io,pmonimeau@media-start.fr,NEW,TRY,bijoutier-paris.csv
BANC BIJOUX Montres-Prestige Rolex occasion-Paris -+33(0)1 43 25 08 81,Acheteur de diamants,https://montres-prestige.com,+33 1 43 25 08 81,+33 1 43 25 08 81,Europe/Paris,"A 50m de la Mutualité, 10 Rue Monge",Paris,75005,Île-de-France,France,contact@montres-prestige.com jerome.proton@gmail.com,https://montres-prestige.com/contact,https://facebook.com/montresprestige.occasion https://instagram.com/montresprestige.occasion,contact@montres-prestige.com,scrap.io,pmonimeau@media-start.fr,NEW,TRY,bijoutier-paris.csv
Marcel Robbez-Masson Showroom,Siège social,,+33 1 43 48 55 49,+33 1 43 48 55 49,Europe/Paris,175 Rue du Temple,Paris,75003,Île-de-France,France,,,,,scrap.io,pmonimeau@media-start.fr,NEW,TRY,bijoutier-paris.csv
Garel Paris,Bijoutier,,+33 1 42 61 40 04,+33 1 42 61 40 04,Europe/Paris,17 Rue de la Paix,Paris,75002,Île-de-France,France,,,,,scrap.io,pmonimeau@media-start.fr,NEW,TRY,bijoutier-paris.csv
Guérin Joaillerie Les Halles,Bijoutier,,+33 1 42 60 61 62,+33 1 42 60 61 62,Europe/Paris,"Cellule, 101 Rue Berger",Paris,75001,Île-de-France,France,,,,,scrap.io,pmonimeau@media-start.fr,NEW,TRY,bijoutier-paris.csv
OMEGA Boutique,Boutique d'articles de mode,https://www.omegawatches.com,+33 1 42 60 53 24,+33 1 42 60 53 24,Europe/Paris,"Printemps du Louvre, 99 Rue de Rivoli",Paris,75001,Île-de-France,France,louvre.omegastore@swatchgroup.com,,https://facebook.com/omega https://youtube.com/user/OMEGA https://twitter.com/omegawatches https://instagram.com/omega,louvre.omegastore@swatchgroup.com,scrap.io,pmonimeau@media-start.fr,NEW,TRY,bijoutier-paris.csv
Swarovski,Bijouterie fantaisie,https://www.swarovski.com,+33 1 40 47 57 04,+33 1 40 47 57 04,Europe/Paris,17 Bd de Vaugirard,Paris,75015,Île-de-France,France,contact@swarovski.com,,,contact@swarovski.com,scrap.io,pmonimeau@media-start.fr,NEW,TRY,bijoutier-paris.csv
Pandora - Galeries Lafayette,Bijoutier,https://stores.pandora.net,+33 1 42 65 35 31,+33 1 42 65 35 31,Europe/Paris,40 Bd Haussmann,Paris,75009,Île-de-France,France,,,https://facebook.com/pandorajewelry https://facebook.com/pandorajewelryusa https://youtube.com/user/TheOfficialPandora https://twitter.com https://twitter.com/pandora_na https://instagram.com/theofficialpandora,,scrap.io,pmonimeau@media-start.fr,NEW,TRY,bijoutier-paris.csv
On The Other Fish - Cadeaux et Impression Textile,Magasin de bougies,https://www.ontheotherfish.com,+33 1 71 93 12 74,+33 1 71 93 12 74,Europe/Paris,3 Rue Sadi Lecointe,Paris,75019,Île-de-France,France,contact@ontheotherfish.com commande@ontheotherfish.com,,https://facebook.com/ontheotherfish https://twitter.com/ https://instagram.com/ontheotherfish https://instagram.com/onjoueaquoimaman,contact@ontheotherfish.com,scrap.io,pmonimeau@media-start.fr,NEW,TRY,bijoutier-paris.csv
Six,Bijoutier,,+33 1 44 82 09 47,+33 1 44 82 09 47,Europe/Paris,9 Rue Basse,Paris,75001,Île-de-France,France,,,,,scrap.io,pmonimeau@media-start.fr,NEW,TRY,bijoutier-paris.csv
Valérie Danenberg,Bijoutier,https://www.danenberg.fr,+33 1 42 60 19 59,+33 1 42 60 19 59,Europe/Paris,1 Rue du Marché Saint-Honoré,Paris,75001,Île-de-France,France,user@gmail.com maisonvd@danenberg.fr,,https://facebook.com/valerie.danenberg.haute.joaillerie https://instagram.com/v.danenberg https://linkedin.com/company/danenberg-valerie,user@gmail.com,scrap.io,pmonimeau@media-start.fr,NEW,TRY,bijoutier-paris.csv
Laurent Messmer,Bijoutier,http://www.laurentmessmer.com,+33 1 47 42 51 36,+33 1 47 42 51 36,Europe/Paris,13 Pass. des Panoramas,Paris,75002,Île-de-France,France,,,,,scrap.io,pmonimeau@media-start.fr,NEW,TRY,bijoutier-paris.csv
Avani Paris | Spécialiste du Saphir | Joaillerie éthique et familiale à Paris,Gemmologue,https://avani-paris.com,+33 1 40 26 38 08,+33 1 40 26 38 08,Europe/Paris,15 Pl. du Marché Saint-Honoré,Paris,75001,Île-de-France,France,contact@avani-paris.com,,https://facebook.com/avaniparis https://instagram.com/avaniparis,contact@avani-paris.com,scrap.io,pmonimeau@media-start.fr,NEW,TRY,bijoutier-paris.csv
Bijouterie-Joaillerie de Kert,Bijoutier,,+33 1 40 72 75 78,+33 1 40 72 75 78,Europe/Paris,15 Av. Mozart,Paris,75016,Île-de-France,France,,,,,scrap.io,pmonimeau@media-start.fr,NEW,TRY,bijoutier-paris.csv
Galeries Du Diamant,Diamantaire,http://gdparis.com,+33 1 84 88 77 88,+33 1 84 88 77 88,Europe/Paris,33 Rue de Mogador,Paris,75009,Île-de-France,France,info@gdparis.com education@hrdantwerp.com,https://gdparis.com/contact https://gdparis.com/cn/contact https://gdparis.com/fr/contact,https://facebook.com/galeriesdudiamant https://YouTube.com/GaleriesDuDiamantParis https://twitter.com/galeriesdiamant https://instagram.com/gd_paris,info@gdparis.com,scrap.io,pmonimeau@media-start.fr,NEW,TRY,bijoutier-paris.csv
Myrtille Beck Paris,Bijoutier,https://myrtillebeck.com,+33 1 40 23 99 84,+33 1 40 23 99 84,Europe/Paris,"Sur rendez-vous, 20 Rue Henry Monnier",Paris,75009,Île-de-France,France,contact@myrtillebeck.com,,https://facebook.com/myrtillebeck.bijouxprecieux https://instagram.com/myrtillebeck,contact@myrtillebeck.com,scrap.io,pmonimeau@media-start.fr,NEW,TRY,bijoutier-paris.csv
JEWELLERY Gilbert Gilbert,Bijoutier,http://www.gilbertgilbert.fr,+33 1 44 59 32 09,+33 1 44 59 32 09,Europe/Paris,35 Rue François Miron,Paris,75004,Île-de-France,France,boutique@gilbertgilbert.fr sgilbert@gilbertgilbert.fr,,https://facebook.com/gilbertgilbertbijoux https://instagram.com/gilbertgilbertparis https://instagram.com/tv/cgmnkc6dc21,boutique@gilbertgilbert.fr,scrap.io,pmonimeau@media-start.fr,NEW,TRY,bijoutier-paris.csv
Arthus Bertrand,Bijoutier,https://fr.arthusbertrand.com,+33 1 49 54 72 10,+33 1 49 54 72 10,Europe/Paris,52 Rue Bonaparte,Paris,75006,Île-de-France,France,,https://fr.arthusbertrand.com/ab_contact/contact/getform/type/contact,https://facebook.com/arthusbertrandparis https://twitter.com/arthusbertrand_ https://instagram.com/arthusbertrand,,scrap.io,pmonimeau@media-start.fr,NEW,TRY,bijoutier-paris.csv
Expertise bijoux anciens Paris,Magasin d'antiquités,http://bijoux.expert,+33 9 80 81 65 23,+33 9 80 81 65 23,Europe/Paris,280 Rue Saint-Honoré,Paris,75001,Île-de-France,France,info@osprey.fr,http://bijoux.expert/contact,https://facebook.com/ospreybijoux https://twitter.com/osprey_paris https://instagram.com/osprey.paris,info@osprey.fr,scrap.io,pmonimeau@media-start.fr,NEW,TRY,bijoutier-paris.csv
Louis Pion Paris Haussmann Homme,Bijoutier,https://boutiques.louispion.fr,+33 1 42 81 21 14,+33 1 42 81 21 14,Europe/Paris,40 Bd Haussmann Galeries Lafayette,Paris,75009,Île-de-France,France,victorhugo234@louispion.fr 319glrosny@louispion.fr 346@louispion.fr 349glbeaugrenelle@louispion.fr auber412@royal-quartz.fr,,,victorhugo234@louispion.fr,scrap.io,pmonimeau@media-start.fr,NEW,TRY,bijoutier-paris.csv
Chaumet,Bijoutier,https://stores.chaumet.com,+33 1 48 74 60 95,+33 1 48 74 60 95,Europe/Paris,"Printemps de la Mode, 64 Bd Haussmann 1er étage",Paris,75009,Île-de-France,France,printemps@chaumet.com,https://www.chaumet.com/gb_en/contact,https://facebook.com/chaumet https://youtube.com/user/Chaumet https://twitter.com/chaumet https://instagram.com/chaumetofficial,printemps@chaumet.com,scrap.io,pmonimeau@media-start.fr,NEW,TRY,bijoutier-paris.csv
Chaumet,Bijoutier,https://stores.chaumet.com,+33 1 42 22 65 58,+33 1 42 22 65 58,Europe/Paris,"Le Bon Marché Rive Gauche, 24 Rue de Sèvres",Paris,75007,Île-de-France,France,bonmarche@chaumet.com,https://www.chaumet.com/gb_en/contact,https://facebook.com/chaumet https://youtube.com/user/Chaumet https://twitter.com/chaumet https://instagram.com/chaumetofficial,bonmarche@chaumet.com,scrap.io,pmonimeau@media-start.fr,NEW,TRY,bijoutier-paris.csv
"Europa Gold - Achat Or, Vente Or Paris 10",Acheteur de diamants,https://www.europa-gold-paris.com,+33 1 85 53 58 97,+33 1 85 53 58 97,Europe/Paris,4 Bd de Denain,Paris,75010,Île-de-France,France,europagold@hotmail.fr,https://www.europa-gold-paris.com/contact http://www.europa-gold-paris.com/contact,,europagold@hotmail.fr,scrap.io,pmonimeau@media-start.fr,NEW,TRY,bijoutier-paris.csv
Louis Pion Paris Commerce,Bijoutier,https://boutiques.louispion.fr,+33 1 45 75 25 24,+33 1 45 75 25 24,Europe/Paris,40 Rue du Commerce,Paris,75015,Île-de-France,France,velizy62@louispion.fr lespassages226@louispion.fr lphausmann302@louispion.fr lprivoli303@louispion.fr passageduhavre142@louispion.fr,,,velizy62@louispion.fr,scrap.io,pmonimeau@media-start.fr,NEW,TRY,bijoutier-paris.csv
Boutique Messika Flagship - Saint Honoré,Bijoutier,https://www.messika.com,+33 1 70 39 18 00,+33 1 70 39 18 00,Europe/Paris,259 Rue Saint-Honoré,Paris,75001,Île-de-France,France,,https://www.messika.com/fr/contact,https://facebook.com/messikajewelry https://youtube.com/user/MessikaJewelry/videos https://instagram.com/messikajewelry https://linkedin.com/mwlite/company/messika-paris,,scrap.io,pmonimeau@media-start.fr,NEW,TRY,bijoutier-paris.csv
APM Monaco,Bijoutier,http://www.apm.mc,+33 1 49 75 03 68,+33 1 49 75 03 68,Europe/Paris,"Paris Orly Airport, Orly 3 Terminal, Orly",Paris,94390,Île-de-France,France,customercare@apm.mc apmanshanwxh@apm.mc apmbaojiky@apm.mc apmbeijingchinaworld@apm.mc apmbeijinggalerieslafayette@apm.mc,http://www.apm.mc/pages/contact-us https://www.apm.mc/pages/contact-us,https://facebook.com/apmmonacojewellery https://youtube.com/c/APMMonaco https://instagram.com/apmmonaco https://instagram.com/explore/tags/apmtalents https://linkedin.com/company/apm-monaco,customercare@apm.mc,scrap.io,pmonimeau@media-start.fr,NEW,TRY,bijoutier-paris.csv
"26 Passage, Artisan bijoutier à Paris, créatrice, ventes de bijoux en ligne",Artisanat,https://www.26-passage.com,+33 1 47 70 02 26,+33 1 47 70 02 26,Europe/Paris,"sur rendez-vous uniquement, 26 Pass. Verdeau 1er étage",Paris,75009,Île-de-France,France,contact@26passage.com,https://www.26-passage.com/page-contact-26-passage,https://facebook.com/26-passage-364593746961959 https://facebook.com/26passage.bijouterie https://instagram.com/26passage https://linkedin.com/company/28543946/admin,contact@26passage.com,scrap.io,pmonimeau@media-start.fr,NEW,TRY,bijoutier-paris.csv
Anna Louis,Boutique d'accessoires de mode,http://www.annalouis.com,+33 1 43 29 99 93,+33 1 43 29 99 93,Europe/Paris,84 Rue Bonaparte,Paris,75006,Île-de-France,France,hello@annalouis.com,,https://facebook.com/annalouis84 https://facebook.com/annalouisparis https://instagram.com/annalouisparis,hello@annalouis.com,scrap.io,pmonimeau@media-start.fr,NEW,TRY,bijoutier-paris.csv
DIAMONDHOLIC,Artiste,http://www.diamondholic.fr,+33 9 75 37 19 43,+33 9 75 37 19 43,Europe/Paris,5 Av. Mac-Mahon,Paris,75017,Île-de-France,France,diamondholic@diamondholic.fr,,https://facebook.com/diamondholicparis https://instagram.com/diamondholicparis,diamondholic@diamondholic.fr,scrap.io,pmonimeau@media-start.fr,NEW,TRY,bijoutier-paris.csv
Accessorize,Boutique d'accessoires de mode,https://global.accessorize.com,,,Europe/Paris,30 Av. d'Italie,Paris,75013,Île-de-France,France,,,,,scrap.io,pmonimeau@media-start.fr,NEW,TRY,bijoutier-paris.csv
Garaude Paris,Bijoutier,,+33 1 40 22 00 08,+33 1 40 22 00 08,Europe/Paris,4 Rue Drouot,Paris,75009,Île-de-France,France,,,,,scrap.io,pmonimeau@media-start.fr,NEW,TRY,bijoutier-paris.csv
De Beers Jewellers Galeries Lafayette,Bijoutier,https://www.debeers.fr,+33 1 45 26 05 21,+33 1 45 26 05 21,Europe/Paris,"First Floor, 40 Bd Haussmann",Paris,75009,Île-de-France,France,,,https://facebook.com/debeers https://youtube.com/user/DeBeersJewellery https://instagram.com/debeersofficial,,scrap.io,pmonimeau@media-start.fr,NEW,TRY,bijoutier-paris.csv
Montblanc Boutique Paris - Galeries Lafayette 21,Bijoutier,http://www.montblanc.fr,+33 1 42 81 93 37,+33 1 42 81 93 37,Europe/Paris,21 Bd Haussmann,Paris,75009,Île-de-France,France,,,,,scrap.io,pmonimeau@media-start.fr,NEW,TRY,bijoutier-paris.csv
APM Monaco Paris Printemps Haussman,Bijoutier,http://www.apm.mc,+33 1 45 26 51 65,+33 1 45 26 51 65,Europe/Paris,"Paris Printemps, 64 Bd Haussmann",Paris,75015,Île-de-France,France,customercare@apm.mc apmanshanwxh@apm.mc apmbaojiky@apm.mc apmbeijingchinaworld@apm.mc apmbeijinggalerieslafayette@apm.mc,http://www.apm.mc/pages/contact-us https://www.apm.mc/pages/contact-us,https://facebook.com/apmmonacojewellery https://youtube.com/c/APMMonaco https://instagram.com/apmmonaco https://instagram.com/explore/tags/apmtalents https://linkedin.com/company/apm-monaco,customercare@apm.mc,scrap.io,pmonimeau@media-start.fr,NEW,TRY,bijoutier-paris.csv
Tellor Diamantaire,Acheteur de diamants,http://www.tellor-diamantaire.fr,+33 1 45 61 49 84,+33 1 45 61 49 84,Europe/Paris,111 Rue du Faubourg Saint-Honoré,Paris,75008,Île-de-France,France,contact@tellor.fr adv@tellor.fr,http://www.tellor-diamantaire.fr/contacter-tellor https://www.tellor-diamantaire.fr/contacter-tellor,https://facebook.com/tellor.diamantaire https://twitter.com/tellordiamants https://instagram.com/tellordiamantaire,contact@tellor.fr,scrap.io,pmonimeau@media-start.fr,NEW,TRY,bijoutier-paris.csv
ArsAura,Bijoutier,https://arsaura.fr,+33 7 83 86 08 48,+33 7 83 86 08 48,Europe/Paris,45 Rue Gay-Lussac,Paris,75005,Île-de-France,France,,,https://facebook.com/arsaura.fr https://youtube.com/channel/UCoY92nMU8PkanAQib-IdRvg https://twitter.com/harmonia_cl https://instagram.com/ars.aura,,scrap.io,pmonimeau@media-start.fr,NEW,TRY,bijoutier-paris.csv
Studio Parmigiani Fleurier,Bijoutier,,+33 1 40 13 93 93,+33 1 40 13 93 93,Europe/Paris,Gal de Valois,Paris,75001,Île-de-France,France,,,,,scrap.io,pmonimeau@media-start.fr,NEW,TRY,bijoutier-paris.csv
"Bijouterie Bottazzi Blondeel, Paris",Acheteur de diamants,https://www.bottazziblondeel.com,+33 1 42 80 01 38,+33 1 42 80 01 38,Europe/Paris,41 R. des Martyrs,Paris,75009,Île-de-France,France,contact@bottazziblondeel.com,https://www.bottazziblondeel.com/nous-contacter.html https://en.bottazziblondeel.com/contact-us.html,https://facebook.com/bottazziblondeel https://youtube.com/results https://twitter.com/bottazzi_paris https://instagram.com/bottazzi.blondeel.bijouterie,contact@bottazziblondeel.com,scrap.io,pmonimeau@media-start.fr,NEW,TRY,bijoutier-paris.csv
Piaget Boutique Paris - Rue de la Paix,Bijoutier,https://www.piaget.com,+33 1 88 45 25 30,+33 1 88 45 25 30,Europe/Paris,7 Rue de la Paix,Paris,75002,Île-de-France,France,customer.care.kr@piaget.com,,https://facebook.com/piaget https://youtube.com/Piaget https://twitter.com/piaget https://instagram.com/piaget https://linkedin.com/company/piaget,customer.care.kr@piaget.com,scrap.io,pmonimeau@media-start.fr,NEW,TRY,bijoutier-paris.csv
Louis Pion Paris Victor Hugo,Bijoutier,https://boutiques.louispion.fr,+33 1 81 69 73 82,+33 1 81 69 73 82,Europe/Paris,114 Av. Victor Hugo,Paris,75116,Île-de-France,France,victorhugo234@louispion.fr lespassages226@louispion.fr velizy62@louispion.fr stbrice32@louispion.fr ruederennes149@louispion.fr,,,victorhugo234@louispion.fr,scrap.io,pmonimeau@media-start.fr,NEW,TRY,bijoutier-paris.csv
Baccarat,Magasin de décorations de Noël,http://boutique.baccarat.fr,+33 1 40 22 14 39,+33 1 40 22 14 39,Europe/Paris,"Espace Maison, 35 Bd Haussmann Galeries Lafayette",Paris,75009,Île-de-France,France,lafayette.maison@baccarat.fr,,https://facebook.com/baccarat https://twitter.com/baccarat https://instagram.com/baccarat,lafayette.maison@baccarat.fr,scrap.io,pmonimeau@media-start.fr,NEW,TRY,bijoutier-paris.csv
Achat or / Bijoux - Paris 15 - Comptoir Français d'Achat d'or CFAO,Marchand d'or,http://www.achatorfrance.fr,+33 9 50 74 61 00,+33 9 50 74 61 00,Europe/Paris,125 Rue Cambronne,Paris,75015,Île-de-France,France,csapda@web-server.hu csapda@astrohost.com achatorfrance@yahoo.fr,https://achatorfrance.fr/nous-contacter http://achatorfrance.fr/nous-contacter,https://facebook.com/cfao125,csapda@web-server.hu,scrap.io,pmonimeau@media-start.fr,NEW,TRY,bijoutier-paris.csv
Harpo Paris - Bijouterie argent et turquoise amérindienne,Bijouterie fantaisie,https://www.harpo-paris.com,+33 1 40 26 10 03,+33 1 40 26 10 03,Europe/Paris,19 R. de Turbigo,Paris,75002,Île-de-France,France,,https://www.harpo-paris.com/fr/nous-contacter,https://facebook.com/harpoparis https://instagram.com/harpoparis,,scrap.io,pmonimeau@media-start.fr,NEW,TRY,bijoutier-paris.csv
Djula,Bijoutier,http://www.djula.fr,+33 1 45 77 17 62,+33 1 45 77 17 62,Europe/Paris,30 Rue du Commerce,Paris,75015,Île-de-France,France,sales@djula.fr piercing@djula.fr sales.djula@gmail.com rdv.djulaparis@gmail.com,http://www.djula.fr/pages/contact,https://facebook.com/djulajewelry https://instagram.com/reel/chibnnajmiw https://instagram.com/djulajewelry,sales@djula.fr,scrap.io,pmonimeau@media-start.fr,NEW,TRY,bijoutier-paris.csv
Wildcat France,Bijouterie fantaisie,https://www.wildcatfrance.fr,+33 1 40 09 95 78,+33 1 40 09 95 78,Europe/Paris,9 Rue Geoffroy l'Angevin,Paris,75004,Île-de-France,France,wildcat@wildcatfrance.fr,,,wildcat@wildcatfrance.fr,scrap.io,pmonimeau@media-start.fr,NEW,TRY,bijoutier-paris.csv
Edenly Boutique Paris,Conseil,http://www.edenly.com,+33 1 89 16 48 68,+33 1 89 16 48 68,Europe/Paris,14 Rue des Pyramides,Paris,75001,Île-de-France,France,,,https://facebook.com/pages/edenlycom/28893311506 https://youtube.com/iframe_api https://twitter.com/edenlybijoux https://instagram.com/edenly.jewellery,,scrap.io,pmonimeau@media-start.fr,NEW,TRY,bijoutier-paris.csv
"Lassaussois - Les Montres, Les Bijoux -",Bijoutier,https://www.boutiquelesmontres.com,+33 1 46 34 71 38,+33 1 46 34 71 38,Europe/Paris,58 Rue de Rennes,Paris,75006,Île-de-France,France,,https://www.boutiquelesmontres.com/fr/nous-rejoindre/contact https://www.boutiquelesmontres.com/en/join-us/contact-us,https://facebook.com/lassaussois-les-montres-les-bijoux-241107019413776 https://facebook.com/v2.10/dialog/oauth https://instagram.com/lassaussoislesmontres,,scrap.io,pmonimeau@media-start.fr,NEW,TRY,bijoutier-paris.csv
Corner Messika - Le Bon Marché,Bijoutier,https://www.messika.com,+33 1 70 39 18 17,+33 1 70 39 18 17,Europe/Paris,24 Rue de Sèvres,Paris,75007,Île-de-France,France,,https://www.messika.com/fr/contact,https://facebook.com/messikajewelry https://youtube.com/user/MessikaJewelry/videos https://instagram.com/messikajewelry https://linkedin.com/mwlite/company/messika-paris,,scrap.io,pmonimeau@media-start.fr,NEW,TRY,bijoutier-paris.csv
Boutique Pandora,Bijouterie fantaisie,http://stores.pandora.net,+33 1 57 40 83 53,+33 1 57 40 83 53,Europe/Paris,20 Rue des Francs Bourgeois,Paris,75004,Île-de-France,France,,https://help.pandora.net/fr/s/contactsupport,https://facebook.com/pandorajewelry https://facebook.com/pandorajewelryusa https://youtube.com/user/TheOfficialPandora https://twitter.com https://twitter.com/pandora_na https://instagram.com/theofficialpandora,,scrap.io,pmonimeau@media-start.fr,NEW,TRY,bijoutier-paris.csv
Jewelery Combeau Roger - watchmaker jeweler graduate,Bijoutier,,+33 1 43 44 37 80,+33 1 43 44 37 80,Europe/Paris,36 Bd de Reuilly,Paris,75012,Île-de-France,France,,,,,scrap.io,pmonimeau@media-start.fr,NEW,TRY,bijoutier-paris.csv
Amour en Cage,Bijoutier,,+33 1 42 77 60 02,+33 1 42 77 60 02,Europe/Paris,42 Rue Vieille-du-Temple,Paris,75004,Île-de-France,France,,,,,scrap.io,pmonimeau@media-start.fr,NEW,TRY,bijoutier-paris.csv
De Gralie,Service d'e-commerce,http://de-gralie.fr,+33 1 48 87 16 68,+33 1 48 87 16 68,Europe/Paris,78 Rue du Temple,Paris,75003,Île-de-France,France,bruno@buddyweb.fr contact@degralie.fr,https://de-gralie.fr/contact http://de-gralie.fr/contact,https://facebook.com/philippealgierjoaillier https://facebook.com/de-gralie-366442843523555 https://youtube.com/iframe_api https://youtube.com/channel/UCHDNCqXidrKHx0gP7RqQvUQ https://twitter.com/philippe_algier https://instagram.com/philippe_algier,bruno@buddyweb.fr,scrap.io,pmonimeau@media-start.fr,NEW,TRY,bijoutier-paris.csv
Pomellato,Bijoutier,http://www.pomellato.com,+33 1 42 65 62 07,+33 1 42 65 62 07,Europe/Paris,350 Rue Saint-Honoré,Paris,75001,Île-de-France,France,privacy@pomellato.com,,https://facebook.com/pomellato https://youtube.com/user/PomellatoOfficial https://instagram.com/pomellato,privacy@pomellato.com,scrap.io,pmonimeau@media-start.fr,NEW,TRY,bijoutier-paris.csv
Djoline Joailliers,Bijoutier,https://www.djoline.com,+33 9 83 76 60 20,+33 9 83 76 60 20,Europe/Paris,35 Rue des Petits Champs,Paris,75001,Île-de-France,France,contact@djoline.com,https://www.djoline.com/nous-contacter,https://facebook.com/djolinejoailliers https://instagram.com/djoline_joailliers,contact@djoline.com,scrap.io,pmonimeau@media-start.fr,NEW,TRY,bijoutier-paris.csv
HORLOGERIE BIJOUTERIE FBL,Boutique de perles,https://fblmontresetbijoux.fr,+33 1 45 25 83 17,+33 1 45 25 83 17,Europe/Paris,marché de Passy coté 17 Rue Duban,Paris,75016,Île-de-France,France,lagamarie16@gmail.com service@patworx.de,https://fblmontresetbijoux.fr/nous-contacter,,lagamarie16@gmail.com,scrap.io,pmonimeau@media-start.fr,NEW,TRY,bijoutier-paris.csv
"COMPTOIR NATIONAL DE L'OR Paris 6 - Achat Or, Vente Or",Vendeur de pièces de monnaie de collection,https://www.gold.fr,+33 1 43 27 30 06,+33 1 43 27 30 06,Europe/Paris,32 Rue du Four,Paris,75006,Île-de-France,France,,https://www.gold.fr/contact https://www.gold.fr/contact-comptoir/paris-6,https://facebook.com/goldfr https://youtube.com/user/ComptoirNationalOr http://twitter.com/goldfr https://twitter.com/goldfr https://instagram.com/comptoirnationaldelor_gold.fr https://linkedin.com/company/comptoir-national-de-l%27or,,scrap.io,pmonimeau@media-start.fr,NEW,TRY,bijoutier-paris.csv
Christofle,Orfèvre,http://www.christofle.com,+33 1 42 65 62 43,+33 1 42 65 62 43,Europe/Paris,20 Rue de la Paix,Paris,75002,Île-de-France,France,dataprivacy_america@christofle.com dataprivacy_singapore@christofle.com dataprivacy_china@christofle.com dataprivacy_europe@christofle.com dataprivacy_international@christofle.com,https://www.christofle.com/eu_fr/contact/contactez-nous.html https://www.christofle.com/eu_fr/contact/customer-service.html https://www.christofle.com/eu_en/contact/customer-service.html https://www.christofle.com/uk_en/contact/customer-service.html,https://facebook.com/christofle https://facebook.com/christoflejapan https://facebook.com/login https://facebook.com/login/device-based/regular/login https://facebook.com/recover/initiate https://facebook.com/login.php https://facebook.com/watch https://facebook.com/l.php https://facebook.com https://facebook.com/help/568137493302217 https://facebook.com/security/hsts-pixel.gif https://youtube.com/christofleparis https://youtube.com/t/terms https://youtube.com/accounts/CheckConnection https://instagram.com/christofle https://instagram.com/christofle_japan https://linkedin.com/company/christofle,dataprivacy_america@christofle.com,scrap.io,pmonimeau@media-start.fr,NEW,TRY,bijoutier-paris.csv
Antoine Chapoutot Joaillier sur mesure,Bijoutier,http://chapoutot.com,+33 1 42 49 18 24,+33 1 42 49 18 24,Europe/Paris,Rue de Tournon,Paris,75006,Île-de-France,France,antoine@chapoutot.com,,https://facebook.com/chapoutot.antoine https://facebook.com/10157388894749453/picture http://instagram.com/antoinechapoutot,antoine@chapoutot.com,scrap.io,pmonimeau@media-start.fr,NEW,TRY,bijoutier-paris.csv
Bijoux Vintage,Bijoutier,http://www.bijouxvintage.paris,+33 1 71 26 64 64,+33 1 71 26 64 64,Europe/Paris,30 Pass. Choiseul,Paris,75002,Île-de-France,France,bijouxvintage75@gmail.com joaillerie.siera@gmail.com,https://www.bijouxvintage.paris/contacter-prendre-rendez-vous,https://facebook.com/bijouxvintageparis https://youtube.com/channel/UCkV3PDhayCFHaURNN-o9O7A https://instagram.com/bijouxvintage75 https://linkedin.com/company/bijouxvintage,bijouxvintage75@gmail.com,scrap.io,pmonimeau@media-start.fr,NEW,TRY,bijoutier-paris.csv
Voeltzel Vendome,Bijoutier,,+33 6 08 16 14 60,+33 6 08 16 14 60,Europe/Paris,7 Pl. Vendôme,Paris,75001,Île-de-France,France,,,,,scrap.io,pmonimeau@media-start.fr,NEW,TRY,bijoutier-paris.csv
BAUNAT,Diamantaire,https://baunat.com,+33 1 45 53 38 41,+33 1 45 53 38 41,Europe/Paris,1 Rue du Faubourg Saint-Honoré,Paris,75008,Île-de-France,France,,,https://facebook.com/baunat https://youtube.com/user/BAUNAT http://twitter.com/baunat https://instagram.com/baunatdiamondjewellery http://instagram.com/baunatdiamondjewellery https://linkedin.com/company/baunat https://linkedin.com/in/baunat,,scrap.io,pmonimeau@media-start.fr,NEW,TRY,bijoutier-paris.csv
bijouterie catherine philomène,Magasin d'antiquités,https://catherine-philomene.com,+33 1 44 75 58 00,+33 1 44 75 58 00,Europe/Paris,13 Quai de la Tournelle,Paris,75005,Île-de-France,France,cm@catherine-philomene.com,,https://facebook.com/le-coffret-\u00e0-bijoux-167531953277895 https://twitter.com/bijouxanciens,cm@catherine-philomene.com,scrap.io,pmonimeau@media-start.fr,NEW,TRY,bijoutier-paris.csv
Arthus Bertrand,Bijoutier,https://fr.arthusbertrand.com,+33 9 54 29 03 40,+33 9 54 29 03 40,Europe/Paris,6 Rue Royale,Paris,75008,Île-de-France,France,,https://fr.arthusbertrand.com/ab_contact/contact/getform/type/contact,https://facebook.com/arthusbertrandparis https://twitter.com/arthusbertrand_ https://instagram.com/arthusbertrand,,scrap.io,pmonimeau@media-start.fr,NEW,TRY,bijoutier-paris.csv
Montblanc Paris,Bijoutier,http://www.montblanc.fr,+33 1 73 27 12 94,+33 1 73 27 12 94,Europe/Paris,64 Bd Haussmann,Paris,75009,Île-de-France,France,,,,,scrap.io,pmonimeau@media-start.fr,NEW,TRY,bijoutier-paris.csv
"COMPTOIR NATIONAL DE L'OR Paris 16 - Achat Or, Vente Or",Vendeur de pièces de monnaie de collection,https://www.gold.fr,+33 9 51 85 37 14,+33 9 51 85 37 14,Europe/Paris,19 Av. de la Grande Armée,Paris,75116,Île-de-France,France,,https://www.gold.fr/contact https://www.gold.fr/contact-comptoir/paris,https://facebook.com/goldfr https://youtube.com/user/ComptoirNationalOr http://twitter.com/goldfr https://twitter.com/goldfr https://instagram.com/comptoirnationaldelor_gold.fr https://linkedin.com/company/comptoir-national-de-l%27or,,scrap.io,pmonimeau@media-start.fr,NEW,TRY,bijoutier-paris.csv
Montblanc Boutique,Bijoutier,http://www.montblanc.fr,+33 1 73 14 19 18,+33 1 73 14 19 18,Europe/Paris,47 Rue de Rennes,Paris,75006,Île-de-France,France,,,,,scrap.io,pmonimeau@media-start.fr,NEW,TRY,bijoutier-paris.csv
Lovisa Gare Montparnasse,Bijoutier,http://lovisa.com.au,,,Europe/Paris,"Shop C39, Gare",Paris,75015,Île-de-France,France,,,https://facebook.com/lovisajewellery https://twitter.com/ https://instagram.com/lovisajewellery,,scrap.io,pmonimeau@media-start.fr,NEW,TRY,bijoutier-paris.csv
Jewelery Gicquel - Purchase and resale of gold in Paris,Marchand d'or,https://bijouteriegicquel.com,+33 1 42 18 09 87,+33 1 42 18 09 87,Europe/Paris,164 Av. du Maine,Paris,75014,Île-de-France,France,,https://bijouteriegicquel.com/contact,https://facebook.com/achatdorparis,,scrap.io,pmonimeau@media-start.fr,NEW,TRY,bijoutier-paris.csv
Louis Pion Paris Auber,Bijoutier,https://boutiques.louispion.fr,+33 6 68 95 84 97,+33 6 68 95 84 97,Europe/Paris,9 Rue Auber,Paris,75009,Île-de-France,France,victorhugo234@louispion.fr velizy62@louispion.fr stbrice32@louispion.fr ruederennes149@louispion.fr rosny200@louispion.fr,,,victorhugo234@louispion.fr,scrap.io,pmonimeau@media-start.fr,NEW,TRY,bijoutier-paris.csv
OMEGA Boutique - Boulevard des Capucines,Boutique d'articles de mode,https://www.omegawatches.com,+33 1 40 15 12 20,+33 1 40 15 12 20,Europe/Paris,35 Bd des Capucines,Paris,75002,Île-de-France,France,omega-boutique@paris-capucines.com,https://www.omegawatches.com/fr/myomega/contact-us,https://youtube.com/user/OMEGA https://twitter.com/omegawatches,omega-boutique@paris-capucines.com,scrap.io,pmonimeau@media-start.fr,NEW,TRY,bijoutier-paris.csv
PANDORA,Bijouterie fantaisie,http://stores.pandora.net,+33 1 45 79 84 74,+33 1 45 79 84 74,Europe/Paris,12 Rue Linois,Paris,75015,Île-de-France,France,,https://help.pandora.net/fr/s/contactsupport,https://facebook.com/pandorajewelry https://facebook.com/pandorajewelryusa https://youtube.com/user/TheOfficialPandora https://twitter.com https://twitter.com/pandora_na https://instagram.com/theofficialpandora,,scrap.io,pmonimeau@media-start.fr,NEW,TRY,bijoutier-paris.csv
IA LUXURY JEWELRY,Bijoutier,https://www.chrono24.fr,+33 6 34 07 44 65,+33 6 34 07 44 65,Europe/Paris,78 Av. des Champs-Élysées Bureau 562,Paris,75008,Île-de-France,France,,,https://facebook.com/chrono24 https://youtube.com/channel/UC19TMquxv2GfWbHhj6C3MCw https://twitter.com/chrono24 https://instagram.com/chrono24,,scrap.io,pmonimeau@media-start.fr,NEW,TRY,bijoutier-paris.csv
Angel,Bijoutier,,+33 1 46 22 11 13,+33 1 46 22 11 13,Europe/Paris,18 Rue de Lévis,Paris,75017,Île-de-France,France,,,,,scrap.io,pmonimeau@media-start.fr,NEW,TRY,bijoutier-paris.csv
APM Monaco,Bijoutier,http://www.apm.mc,+33 1 49 24 02 11,+33 1 49 24 02 11,Europe/Paris,12 Bd des Capucines,Paris,75009,Île-de-France,France,customercare@apm.mc apmanshanwxh@apm.mc apmbaojiky@apm.mc apmbeijingchinaworld@apm.mc apmbeijinggalerieslafayette@apm.mc,http://www.apm.mc/pages/contact-us https://www.apm.mc/pages/contact-us,https://facebook.com/apmmonacojewellery https://youtube.com/c/APMMonaco https://instagram.com/apmmonaco https://instagram.com/explore/tags/apmtalents https://linkedin.com/company/apm-monaco,customercare@apm.mc,scrap.io,pmonimeau@media-start.fr,NEW,TRY,bijoutier-paris.csv
Mikaël Dan,Bijoutier,http://www.mikaeldan.com,+33 1 42 65 95 44,+33 1 42 65 95 44,Europe/Paris,20 Rue de Miromesnil,Paris,75008,Île-de-France,France,contact@mikaeldan.com,,https://facebook.com/mikael-dan-168159367370510 https://instagram.com/mikaeldanparis,contact@mikaeldan.com,scrap.io,pmonimeau@media-start.fr,NEW,TRY,bijoutier-paris.csv
Shamani,Boutique de perles,https://www.shamani.fr,+33 1 48 24 34 83,+33 1 48 24 34 83,Europe/Paris,13 Rue de Montholon,Paris,75009,Île-de-France,France,shamani.creaperles@gmail.com,https://www.shamani.fr/contact,https://facebook.com/shamaniperlesdeculture https://instagram.com/shamani_paris,shamani.creaperles@gmail.com,scrap.io,pmonimeau@media-start.fr,NEW,TRY,bijoutier-paris.csv
Louis Pion Paris Passage Du Havre,Bijoutier,https://boutiques.louispion.fr,+33 1 44 53 61 90,+33 1 44 53 61 90,Europe/Paris,"109, Rue Saint Lazare C. Cial Passage du Havre",Paris,75009,Île-de-France,France,228parly2@louispion.fr 319glrosny@louispion.fr 346@louispion.fr 349glbeaugrenelle@louispion.fr auber412@royal-quartz.fr,,,228parly2@louispion.fr,scrap.io,pmonimeau@media-start.fr,NEW,TRY,bijoutier-paris.csv
PER LEI BIJOUX,Bijoutier,,+33 6 74 44 96 07,+33 6 74 44 96 07,Europe/Paris,7 Rue Gomboust,Paris,75001,Île-de-France,France,,,,,scrap.io,pmonimeau@media-start.fr,NEW,TRY,bijoutier-paris.csv
Emmanuelle Zysman,Bijoutier,http://www.emmanuellezysman.fr,+33 1 42 52 01 00,+33 1 42 52 01 00,Europe/Paris,81 R. des Martyrs,Paris,75018,Île-de-France,France,,https://www.emmanuellezysman.fr/shop/fr/content/13-contact-form https://www.emmanuellezysman.fr/shop/en/content/13-contact-form,nan https://instagram.com/emmanuellezysman,,scrap.io,pmonimeau@media-start.fr,NEW,TRY,bijoutier-paris.csv
"Legacy of France, antique jewelry and hand signed",Magasin d'antiquités,https://www.heritage-de-france.fr,+33 1 43 56 03 01,+33 1 43 56 03 01,Europe/Paris,78 Av. de Suffren,Paris,75015,Île-de-France,France,david@heritage-de-france.net david@heritage-de-france.com,https://www.heritage-de-france.fr/contact,nan https://twitter.com/yoursite,david@heritage-de-france.net,scrap.io,pmonimeau@media-start.fr,NEW,TRY,bijoutier-paris.csv
MaCarat Paris,Acheteur de diamants,https://www.macarat.fr,+33 1 42 96 11 11,+33 1 42 96 11 11,Europe/Paris,212 Rue de Rivoli,Paris,75001,Île-de-France,France,contact@macarat.fr,https://www.macarat.fr/contact,https://facebook.com/macarat-diamonds-jewelry-1038607222890378 https://instagram.com/macaratparis https://instagram.com/macaratjewelry,contact@macarat.fr,scrap.io,pmonimeau@media-start.fr,NEW,TRY,bijoutier-paris.csv
Aristocrazy Galeries Lafayette Haussman,Bijoutier,https://www.aristocrazy.com,+33 1 53 20 05 47,+33 1 53 20 05 47,Europe/Paris,40 Bd Haussmann,Paris,75009,Île-de-France,France,,,https://facebook.com/aristocrazyspain https://youtube.com/user/AristocrazyChannel https://instagram.com/aristocrazy,,scrap.io,pmonimeau@media-start.fr,NEW,TRY,bijoutier-paris.csv
Annette Girardon - bijoux sur-mesure,Bijoutier,https://www.annettegirardon.com,+33 1 48 24 50 07,+33 1 48 24 50 07,Europe/Paris,7 Rue du Mont Thabor,Paris,75001,Île-de-France,France,,https://www.annettegirardon.com/contact.html,https://facebook.com/annettegirardonjoaillerie https://instagram.com/annettegirardon https://linkedin.com/company/annettegirardon https://linkedin.com/company/18573237,,scrap.io,pmonimeau@media-start.fr,NEW,TRY,bijoutier-paris.csv
Boutique Poiray Saint Germain,Bijoutier,https://www.poiray.com,+33 1 42 84 19 78,+33 1 42 84 19 78,Europe/Paris,184 Bd Saint-Germain,Paris,75006,Île-de-France,France,serviceclient@poiray.com contact@poiray.com customerservice@poiray.com,,https://facebook.com/poirayparis https://instagram.com/poirayparis,serviceclient@poiray.com,scrap.io,pmonimeau@media-start.fr,NEW,TRY,bijoutier-paris.csv
Jabès Diamantaire & Joaillier,Conseil,http://www.jeromejabes.com,+33 1 40 50 03 12,+33 1 40 50 03 12,Europe/Paris,1 Rue de Châteaudun,Paris,75009,Île-de-France,France,marieq.jabes@gmail.com jj@jeromejabes.com,http://www.jeromejabes.com/nous-contacter,https://facebook.com/jeromejabes.co https://instagram.com/jeromejabes https://linkedin.com/in/jeromejabesdiamantairjoaillier,marieq.jabes@gmail.com,scrap.io,pmonimeau@media-start.fr,NEW,TRY,bijoutier-paris.csv
Linkstones Paris,Bijoutier,https://www.linkstones.com,+33 6 07 91 42 55,+33 6 07 91 42 55,Europe/Paris,9 Pl. de la Madeleine,Paris,75008,Île-de-France,France,contact@linkstones.com,https://www.linkstones.com/pages/contact,https://facebook.com/linkstonesparis https://twitter.com/ https://instagram.com/linkstonesparis,contact@linkstones.com,scrap.io,pmonimeau@media-start.fr,NEW,TRY,bijoutier-paris.csv
Abraxas Saint-Honoré,Salon de piercing,http://www.abraxas.fr,+33 1 40 15 62 20,+33 1 40 15 62 20,Europe/Paris,5 Rue du Marché Saint-Honoré,Paris,75001,Île-de-France,France,,https://abraxas.fr/contact,,,scrap.io,pmonimeau@media-start.fr,NEW,TRY,bijoutier-paris.csv
Alexandre Joaillerie,Acheteur de diamants,http://www.revolutionbdf.com,+33 1 47 05 80 86,+33 1 47 05 80 86,Europe/Paris,37 Bd de la Tour-Maubourg,Paris,75007,Île-de-France,France,,https://revolutionbdf.com/contact,,,scrap.io,pmonimeau@media-start.fr,NEW,TRY,bijoutier-paris.csv
Verney Paris,Bijoutier,https://verneyparis.com,+33 1 40 15 07 07,+33 1 40 15 07 07,Europe/Paris,24 Pl. Vendôme,Paris,75001,Île-de-France,France,verneyvendome24@gmail.com,https://verneyparis.com/contact-2 https://verneyparis.com/en/contact https://verneyparis.com/contact,nan https://instagram.com/verneyvendome https://linkedin.com/company/verney-evolution,verneyvendome24@gmail.com,scrap.io,pmonimeau@media-start.fr,NEW,TRY,bijoutier-paris.csv
Tournaire Paris,Bijoutier,http://www.philippetournaire.com,+33 1 40 20 00 19,+33 1 40 20 00 19,Europe/Paris,7 Cr Vendôme,Paris,75001,Île-de-France,France,license@prestashop.com info@philippetournaire.com contact@prestashop.com u003emathieu.pallay@philippetournaire.com,,https://facebook.com/maisontournaire https://youtube.com/user/admintourn https://instagram.com/tournaireparis,license@prestashop.com,scrap.io,pmonimeau@media-start.fr,NEW,TRY,bijoutier-paris.csv
My Exclusive Diamond,Bijouterie fantaisie,,+33 1 70 74 41 92,+33 1 70 74 41 92,Europe/Paris,102 Av. des Champs-Élysées,Paris,75008,Île-de-France,France,,,,,scrap.io,pmonimeau@media-start.fr,NEW,TRY,bijoutier-paris.csv
Or Du Monde,Boutique de mariage,https://www.ordumonde.com,+33 1 43 35 04 75,+33 1 43 35 04 75,Europe/Paris,7 Rue Notre Dame des Victoires,Paris,75002,Île-de-France,France,contact@ordumonde.com,https://www.ordumonde.com/a-propos/contactez-nous-2,https://facebook.com/ordumonde https://twitter.com/sachaodm https://instagram.com/ordumonde,contact@ordumonde.com,scrap.io,pmonimeau@media-start.fr,NEW,TRY,bijoutier-paris.csv
Swatch,Bijoutier,http://shop.swatch.fr,+33 9 77 40 14 00,+33 9 77 40 14 00,Europe/Paris,"Louis Pion - BHV Rivoli, 52 Rue de Rivoli",Paris,75004,Île-de-France,France,connect@swatch.us connect@swatch.fr flikflak@swatch.com,,https://facebook.com/swatchus https://twitter.com/swatchus https://instagram.com/swatch_us,connect@swatch.us,scrap.io,pmonimeau@media-start.fr,NEW,TRY,bijoutier-paris.csv
Joaillerie Pérouse Paris - Sur RDV,Bijoutier,https://www.perouse.paris,+33 9 72 22 62 95,+33 9 72 22 62 95,Europe/Paris,82 Rue de Richelieu,Paris,75002,Île-de-France,France,,,https://facebook.com/perouseparis https://twitter.com/ https://instagram.com/perouseparis,,scrap.io,pmonimeau@media-start.fr,NEW,TRY,bijoutier-paris.csv
Bucherer,Horloger,https://www.bucherer.com,+33 1 70 99 18 88,+33 1 70 99 18 88,Europe/Paris,12 Bd des Capucines,Paris,75009,Île-de-France,France,onlineservice@bucherer.com paris@bucherer.com tourism.paris@bucherer.com,,https://facebook.com/bucherer https://twitter.com/bucherer_1888 https://instagram.com/bucherer https://linkedin.com/company/bucherer-ag,onlineservice@bucherer.com,scrap.io,pmonimeau@media-start.fr,NEW,TRY,bijoutier-paris.csv
JO'S,Boutique de perles,http://joaillerie-jos.com,+33 1 42 60 07 23,+33 1 42 60 07 23,Europe/Paris,4 Rue du Marché Saint-Honoré,Paris,75001,Île-de-France,France,contact@joaillerie-jos.com,https://joaillerie-jos.com/fr/nous-contacter,https://facebook.com/joaillerie.jos https://instagram.com/boutiqueofficiellejos,contact@joaillerie-jos.com,scrap.io,pmonimeau@media-start.fr,NEW,TRY,bijoutier-paris.csv
Arthus Bertrand - Bijouterie Paris 16ème,Bijoutier,https://fr.arthusbertrand.com,+33 1 45 01 70 11,+33 1 45 01 70 11,Europe/Paris,59 Av. Victor Hugo,Paris,75116,Île-de-France,France,,https://fr.arthusbertrand.com/ab_contact/contact/getform/type/contact,https://facebook.com/arthusbertrandparis https://twitter.com/arthusbertrand_ https://instagram.com/arthusbertrand,,scrap.io,pmonimeau@media-start.fr,NEW,TRY,bijoutier-paris.csv
Marbella Paris,Bijoutier,https://www.marbellaparis.fr,+33 1 42 71 77 52,+33 1 42 71 77 52,Europe/Paris,45 Rue de Turenne,Paris,75003,Île-de-France,France,contact@marbellaparis.com,https://www.marbellaparis.fr/nous-contacter,https://facebook.com/marbellaparisbijouxdepeau https://twitter.com/marbellaparis https://instagram.com/marbellaparis,contact@marbellaparis.com,scrap.io,pmonimeau@media-start.fr,NEW,TRY,bijoutier-paris.csv
redline,Diamantaire,https://www.redline-boutique.com,+33 1 44 88 02 11,+33 1 44 88 02 11,Europe/Paris,167 Rue Saint-Honoré,Paris,75001,Île-de-France,France,shop@redline-univers.com,,https://facebook.com/redlineparis https://youtube.com/user/Redlinebijoux https://twitter.com/redlinebijoux https://instagram.com/redline_paris,shop@redline-univers.com,scrap.io,pmonimeau@media-start.fr,NEW,TRY,bijoutier-paris.csv
L'Argenterie,Bijouterie fantaisie,http://www.largenterie.fr,+33 1 84 06 92 65,+33 1 84 06 92 65,Europe/Paris,5 Rue de la Butte aux Cailles,Paris,75013,Île-de-France,France,savlargenterie@gmail.com,https://www.largenterie.fr/formulaire-contact,https://facebook.com/largenterie https://instagram.com/l.argenterie,savlargenterie@gmail.com,scrap.io,pmonimeau@media-start.fr,NEW,TRY,bijoutier-paris.csv
LA LUEUR DE L'AUBE- Bijouterie Artisanale,Magasin de vêtements,https://www.la-lueur.com,+33 9 86 25 08 66,+33 9 86 25 08 66,Europe/Paris,77 Rue du Cherche-Midi,Paris,75006,Île-de-France,France,,https://www.la-lueur.com/contact,https://facebook.com/lalueurdelaube https://instagram.com/lalueurdelaube,,scrap.io,pmonimeau@media-start.fr,NEW,TRY,bijoutier-paris.csv
OMEGA Paris Saint-Honoré Store,Boutique d'articles de mode,https://www.omegawatches.com,+33 1 55 35 03 60,+33 1 55 35 03 60,Europe/Paris,362-364 Rue Saint-Honoré,Paris,75001,Île-de-France,France,sthonore.omegastore@swatchgroup.com,https://www.omegawatches.com/fr/myomega/contact-us,https://youtube.com/user/OMEGA https://twitter.com/omegawatches,sthonore.omegastore@swatchgroup.com,scrap.io,pmonimeau@media-start.fr,NEW,TRY,bijoutier-paris.csv
Benoit Joaillier,Acheteur de diamants,http://www.benoitjoaillier.com,+33 1 40 09 09 80,+33 1 40 09 09 80,Europe/Paris,1 Rue de Bérite,Paris,75006,Île-de-France,France,,,https://facebook.com/benoitjoaillier https://youtube.com/channel/UCr8bEOszqKkcqtpMAwRAdRw https://instagram.com/benoitjoaillier,,scrap.io,pmonimeau@media-start.fr,NEW,TRY,bijoutier-paris.csv
THOMAS SABO,Bijouterie fantaisie,https://www.thomassabo.com,+33 1 44 61 42 09,+33 1 44 61 42 09,Europe/Paris,33 Rue Vieille-du-Temple,Paris,75004,Île-de-France,France,,,https://facebook.com/thomassabounitedstates https://youtube.com/ThomasSaboOfficial https://twitter.com/thomassabo https://instagram.com/thomassabo,,scrap.io,pmonimeau@media-start.fr,NEW,TRY,bijoutier-paris.csv
Bijouterie Lean'Or,Bijoutier,https://bijouterie-bijoutier-paris17.business.site,+33 1 42 26 13 00,+33 1 42 26 13 00,Europe/Paris,69 Av. de Saint-Ouen,Paris,75017,Île-de-France,France,,,,,scrap.io,pmonimeau@media-start.fr,NEW,TRY,bijoutier-paris.csv
Dubail,Bijoutier,https://dubail.fr,+33 1 42 61 11 17,+33 1 42 61 11 17,Europe/Paris,21 Pl. Vendôme,Paris,75001,Île-de-France,France,,,https://facebook.com/dubailparis.official https://instagram.com/dubail.paris,,scrap.io,pmonimeau@media-start.fr,NEW,TRY,bijoutier-paris.csv
Pandora,Bijouterie fantaisie,http://stores.pandora.net,+33 1 42 22 31 44,+33 1 42 22 31 44,Europe/Paris,132 Rue de Rennes,Paris,75006,Île-de-France,France,,https://help.pandora.net/fr/s/contactsupport,https://facebook.com/pandorajewelry https://facebook.com/pandorajewelryusa https://youtube.com/user/TheOfficialPandora https://twitter.com https://twitter.com/pandora_na https://instagram.com/theofficialpandora,,scrap.io,pmonimeau@media-start.fr,NEW,TRY,bijoutier-paris.csv
Lalique,Magasin d'ameublement et de décoration,http://www.lalique.com,+33 1 53 05 12 81,+33 1 53 05 12 81,Europe/Paris,11 Rue Royale,Paris,75008,Île-de-France,France,wholesale@lalique.com marketing@lalique.com customerservice@lalique.com bespoke@lalique.com decorations@lalique.com,,https://facebook.com/lalique https://youtube.com/laliqueofficial https://twitter.com/lalique http://instagram.com/lalique https://instagram.com/lalique,wholesale@lalique.com,scrap.io,pmonimeau@media-start.fr,NEW,TRY,bijoutier-paris.csv
Fremont | Artisan Bijoutier | Achat Or,Service de réparation de montres et d'horloges,https://fremontbijoutier.fr,+33 1 42 08 12 48,+33 1 42 08 12 48,Europe/Paris,1 Bd de Magenta,Paris,75010,Île-de-France,France,contact@fremontbijoutier.fr fremontjoaillier@gmail.com tanjastore@orange.fr,https://fremontbijoutier.fr/pages/bijouterie-fremont-contact,https://facebook.com/fremont-bijoutier-101093225532031,contact@fremontbijoutier.fr,scrap.io,pmonimeau@media-start.fr,NEW,TRY,bijoutier-paris.csv
Van Hoye Joaillerie,Acheteur de diamants,https://www.vanhoye.fr,+33 1 47 05 51 40,+33 1 47 05 51 40,Europe/Paris,13 Rue Dupont des Loges,Paris,75007,Île-de-France,France,joaillier@vanhoye.fr,https://www.vanhoye.fr/contact,nan https://instagram.com/vanhoye_joaillerie,joaillier@vanhoye.fr,scrap.io,pmonimeau@media-start.fr,NEW,TRY,bijoutier-paris.csv
Morganne Bello Paris,Magasin de vêtements,http://www.morgannebello.com,+33 1 42 60 14 04,+33 1 42 60 14 04,Europe/Paris,3 Rue du Marché Saint-Honoré,Paris,75001,Île-de-France,France,contact@morgannebello.com,,https://facebook.com/morganne.bello.paris https://instagram.com/morgannebelloparis https://linkedin.com/company/morganne-bello-sas,contact@morgannebello.com,scrap.io,pmonimeau@media-start.fr,NEW,TRY,bijoutier-paris.csv
Saïki a l'espace Kiliwatch,Bijouterie fantaisie,http://www.saiki.fr,+33 1 42 21 32 25,+33 1 42 21 32 25,Europe/Paris,64 Rue Tiquetonne,Paris,75002,Île-de-France,France,,,,,scrap.io,pmonimeau@media-start.fr,NEW,TRY,bijoutier-paris.csv
Mademoiselle Djoy,Bijouterie fantaisie,http://www.mademoiselledjoy.com,+33 6 19 84 96 02,+33 6 19 84 96 02,Europe/Paris,36 Rue Delambre,Paris,75014,Île-de-France,France,mademoiselledjoy@gmail.com,https://mademoiselledjoy.com/infos-pratiques/contact,https://facebook.com/mademoiselledjoyparis https://instagram.com/mademoiselle_djoy_paris,mademoiselledjoy@gmail.com,scrap.io,pmonimeau@media-start.fr,NEW,TRY,bijoutier-paris.csv
De Beers Jewellers Printemps,Bijoutier,https://www.printemps.com,+33 1 42 82 49 43,+33 1 42 82 49 43,Europe/Paris,"Printemps du Luxe, 64 Bd Haussmann",Paris,75009,Île-de-France,France,martine@printemps.com nom@gmail.com nom@mail.com printemps@cultival.fr printempsdugout@printemps.fr,,https://facebook.com/printempscom https://facebook.com/printemps https://youtube.com/channel/UC3lHSQHB_Op5SysjtIvSV4g https://youtube.com/channel/UCmGKSlPL0c4Mup6c7vEVnqg https://twitter.com/printemps_com https://twitter.com/printemps https://instagram.com/printempscom https://instagram.com/printemps,martine@printemps.com,scrap.io,pmonimeau@media-start.fr,NEW,TRY,bijoutier-paris.csv
Fabian de Montjoye,Bijoutier,http://www.fabiandemontjoye.com,+33 1 42 60 14 12,+33 1 42 60 14 12,Europe/Paris,177 Rue Saint-Honoré,Paris,75001,Île-de-France,France,fabian@fabiandemontjoye.com,,https://facebook.com/laubergade/timeline,fabian@fabiandemontjoye.com,scrap.io,pmonimeau@media-start.fr,NEW,TRY,bijoutier-paris.csv
Ang'elle Bijoux Vintage,Bijouterie fantaisie,https://www.bijouxartdeco.fr,+33 1 45 75 23 67,+33 1 45 75 23 67,Europe/Paris,115 Rue St Charles,Paris,75015,Île-de-France,France,contact@bijouxartdeco.fr addons4prestashop@gmail.com,https://www.bijouxartdeco.fr/contacter-angelle-bijoux-vintage,https://facebook.com/bijoux.anciens.vintage https://youtube.com/channel/UC56pc9Te82UHFgLjDN6HJsw https://twitter.com/bijouxanciens1 https://instagram.com/bijouxartdeco,contact@bijouxartdeco.fr,scrap.io,pmonimeau@media-start.fr,NEW,TRY,bijoutier-paris.csv
Piaget Boutique Paris - Printemps Haussmann,Bijoutier,https://www.piaget.com,+33 1 70 93 85 62,+33 1 70 93 85 62,Europe/Paris,"Printemps Haussmann, 64 Bd Haussmann",Paris,75009,Île-de-France,France,customer.care.kr@piaget.com,,https://facebook.com/piaget https://youtube.com/Piaget https://twitter.com/piaget https://instagram.com/piaget https://linkedin.com/company/piaget,customer.care.kr@piaget.com,scrap.io,pmonimeau@media-start.fr,NEW,TRY,bijoutier-paris.csv
Piaget,Bijoutier,https://www.piaget.com,+33 1 70 93 82 26,+33 1 70 93 82 26,Europe/Paris,16 Pl. Vendôme,Paris,75001,Île-de-France,France,customer.care.kr@piaget.com,,https://facebook.com/piaget https://youtube.com/Piaget https://twitter.com/piaget https://instagram.com/piaget https://linkedin.com/company/piaget,customer.care.kr@piaget.com,scrap.io,pmonimeau@media-start.fr,NEW,TRY,bijoutier-paris.csv
OMEGA Boutique - Galeries Lafayette Paris,Boutique d'articles de mode,https://www.omegawatches.com,+33 1 40 17 95 64,+33 1 40 17 95 64,Europe/Paris,40 Bd Haussmann Galeries Lafayette,Paris,75009,Île-de-France,France,lafayette.omegastore@swatchgroup.com,https://www.omegawatches.com/fr/myomega/contact-us,https://youtube.com/user/OMEGA https://twitter.com/omegawatches,lafayette.omegastore@swatchgroup.com,scrap.io,pmonimeau@media-start.fr,NEW,TRY,bijoutier-paris.csv
Euro Gold coin,Acheteur de diamants,https://www.europiecedor.fr,+33 1 42 96 29 41,+33 1 42 96 29 41,Europe/Paris,112 Rue de Richelieu,Paris,75002,Île-de-France,France,,https://europiecedor.fr/contact,,,scrap.io,pmonimeau@media-start.fr,NEW,TRY,bijoutier-paris.csv
APM Monaco Paris Saint Germain,Boutique d'accessoires de mode,http://www.apm.mc,+33 1 42 03 13 82,+33 1 42 03 13 82,Europe/Paris,70 Rue des Saints-Pères,Paris,75007,Île-de-France,France,customercare@apm.mc apmanshanwxh@apm.mc apmbaojiky@apm.mc apmbeijingchinaworld@apm.mc apmbeijinggalerieslafayette@apm.mc,http://www.apm.mc/pages/contact-us https://www.apm.mc/pages/contact-us,https://facebook.com/apmmonacojewellery https://youtube.com/c/APMMonaco https://instagram.com/apmmonaco https://instagram.com/explore/tags/apmtalents https://linkedin.com/company/apm-monaco,customercare@apm.mc,scrap.io,pmonimeau@media-start.fr,NEW,TRY,bijoutier-paris.csv
Boutique Dodo,Bijoutier,http://www.dodo.it,+33 1 42 60 31 55,+33 1 42 60 31 55,Europe/Paris,4 Rue du Marché Saint-Honoré,Paris,75001,Île-de-France,France,privacy@pomellato.com,,https://facebook.com/dodojewels https://youtube.com/dodopomellato https://instagram.com/dodojewels https://linkedin.com/company/dodojewels,privacy@pomellato.com,scrap.io,pmonimeau@media-start.fr,NEW,TRY,bijoutier-paris.csv
Comptoir National de l'Or (siège),Vendeur de pièces de monnaie de collection,https://www.gold.fr,+33 8 00 74 41 44,+33 8 00 74 41 44,Europe/Paris,10 Av. de la Grande Armée,Paris,75017,Île-de-France,France,gerald@gold.fr contact@gold.fr,https://www.gold.fr/contact https://www.gold.fr/contact-comptoir/pau https://www.gold.fr/contact-comptoir/vannes,https://facebook.com/goldfr https://youtube.com/user/ComptoirNationalOr http://twitter.com/goldfr https://twitter.com/goldfr https://instagram.com/comptoirnationaldelor_gold.fr https://linkedin.com/company/comptoir-national-de-l%27or,gerald@gold.fr,scrap.io,pmonimeau@media-start.fr,NEW,TRY,bijoutier-paris.csv
Paris Vendôme,Bijoutier,https://paris-vendome.com,+33 9 53 96 94 49,+33 9 53 96 94 49,Europe/Paris,72 Bd de la Tour-Maubourg,Paris,75007,Île-de-France,France,admin@paris-vendome.com contact@paris-vendome.com serviceclient@paris-vendome.com,,,admin@paris-vendome.com,scrap.io,pmonimeau@media-start.fr,NEW,TRY,bijoutier-paris.csv
"BENALYCHERIF LAMIA - Création bijoux, création collier, boucle d'oreilles,Paris",Bijoutier,,+33 6 59 33 03 08,+33 6 59 33 03 08,Europe/Paris,12 Rue Hautefeuille,Paris,75006,Île-de-France,France,,,,,scrap.io,pmonimeau@media-start.fr,NEW,TRY,bijoutier-paris.csv
"Sapir Paris - Achat, Vente et Estimation de Bijoux Anciens et Signés - 75003 Le Marais",Bijoutier,https://www.sapir.fr,+33 6 61 50 13 75,+33 6 61 50 13 75,Europe/Paris,34 Rue de Montmorency,Paris,75003,Île-de-France,France,contact@sapir.fr,https://www.sapir.fr/contact,nan http://instagram.com/maisonsapir,contact@sapir.fr,scrap.io,pmonimeau@media-start.fr,NEW,TRY,bijoutier-paris.csv
Boutique PANDORA,Bijouterie fantaisie,https://stores.pandora.net,+33 1 42 36 59 20,+33 1 42 36 59 20,Europe/Paris,99 Rue de Rivoli,Paris,75001,Île-de-France,France,,,https://facebook.com/pandorajewelry https://facebook.com/pandorajewelryusa https://youtube.com/user/TheOfficialPandora https://twitter.com https://twitter.com/pandora_na https://instagram.com/theofficialpandora,,scrap.io,pmonimeau@media-start.fr,NEW,TRY,bijoutier-paris.csv
OMEGA Boutique - Champs Élysées,Boutique d'articles de mode,https://www.omegawatches.com,+33 1 53 81 21 90,+33 1 53 81 21 90,Europe/Paris,93 Av. des Champs-Élysées,Paris,75008,Île-de-France,France,champselysees.omegastore@swatchgroup.com,https://www.omegawatches.com/fr/myomega/contact-us,https://youtube.com/user/OMEGA https://twitter.com/omegawatches,champselysees.omegastore@swatchgroup.com,scrap.io,pmonimeau@media-start.fr,NEW,TRY,bijoutier-paris.csv
Bijouterie JALUXE - Atelier&Boutique,Bijouterie fantaisie,https://atelier-jaluxe.com,+33 1 71 26 54 97,+33 1 71 26 54 97,Europe/Paris,14 Rue Poissonnière,Paris,75002,Île-de-France,France,devis@atelier-jaluxe.com sav@atelier-jaluxe.com,https://atelier-jaluxe.com/nous-contacter https://atelier-jaluxe.com/content/nous-contacter,https://facebook.com/atelierjaluxe https://facebook.com/sebastienpayencreateur https://instagram.com/boutiqueatelierjaluxe,devis@atelier-jaluxe.com,scrap.io,pmonimeau@media-start.fr,NEW,TRY,bijoutier-paris.csv
Pandora,Bijouterie fantaisie,http://stores.pandora.net,+33 1 42 61 09 31,+33 1 42 61 09 31,Europe/Paris,101 Rue Berger,Paris,75001,Île-de-France,France,,https://help.pandora.net/fr/s/contactsupport,https://facebook.com/pandorajewelry https://facebook.com/pandorajewelryusa https://youtube.com/user/TheOfficialPandora https://twitter.com https://twitter.com/pandora_na https://instagram.com/theofficialpandora,,scrap.io,pmonimeau@media-start.fr,NEW,TRY,bijoutier-paris.csv
Drouot Expertise,Acheteur de diamants,http://drouotexpertise.com,+33 6 29 38 45 29,+33 6 29 38 45 29,Europe/Paris,56 Rue La Fayette,Paris,75009,Île-de-France,France,infor@drouotexpertise.com,,,infor@drouotexpertise.com,scrap.io,pmonimeau@media-start.fr,NEW,TRY,bijoutier-paris.csv
Chaumet,Bijoutier,https://www.chaumet.com,+33 1 42 80 17 97,+33 1 42 80 17 97,Europe/Paris,40 Bd Haussmann Galeries Lafayette,Paris,75009,Île-de-France,France,madrid@chaumet.com shop@chaumet.com shopau@chaumet.com shophk@chaumet.com shopjp@chaumet.com,,https://facebook.com/chaumet https://youtube.com/user/Chaumet https://twitter.com/chaumet https://instagram.com/chaumetofficial https://linkedin.com/company/chaumet,madrid@chaumet.com,scrap.io,pmonimeau@media-start.fr,NEW,TRY,bijoutier-paris.csv
Louis Pion Paris Rue De Rennes,Bijoutier,https://boutiques.louispion.fr,+33 1 42 22 06 65,+33 1 42 22 06 65,Europe/Paris,142 Rue de Rennes,Paris,75006,Île-de-France,France,victorhugo234@louispion.fr 228parly2@louispion.fr 319glrosny@louispion.fr 346@louispion.fr 349glbeaugrenelle@louispion.fr,,,victorhugo234@louispion.fr,scrap.io,pmonimeau@media-start.fr,NEW,TRY,bijoutier-paris.csv
"Bijoutier, Créateur et Réparations de bijoux - Gold Lady",Bijouterie fantaisie,http://www.goldlady.fr,+33 1 40 21 60 89,+33 1 40 21 60 89,Europe/Paris,74 Rue du Faubourg du Temple,Paris,75011,Île-de-France,France,,https://www.goldlady.fr/contact,https://facebook.com/wix https://facebook.com/wixfrancais https://youtube.com/user/Wix https://twitter.com/wix https://twitter.com/wixfrance https://instagram.com/wix,,scrap.io,pmonimeau@media-start.fr,NEW,TRY,bijoutier-paris.csv
L'Atelier Amantys - Rdv uniquement - Bague de fiançailles et alliance diamant Paris,Acheteur de diamants,http://amantys.fr,,,Europe/Paris,5 Rue de l'Échelle 2eme Étage,Paris,75001,Île-de-France,France,contact@amantys.fr contact@sasmediationsolution-conso.fr,,https://facebook.com/amantys.paris https://facebook.com/10155835107773954/picture https://instagram.com/amantys_paris,contact@amantys.fr,scrap.io,pmonimeau@media-start.fr,NEW,TRY,bijoutier-paris.csv
BIJOUTERIE MERGUI,Diamantaire,http://www.ariemergui.com,+33 9 80 52 95 05,+33 9 80 52 95 05,Europe/Paris,27 Rue du Faubourg Montmartre,Paris,75009,Île-de-France,France,contact@prestashop.com license@prestashop.com tech@202-ecommerce.com merguiparis@gmail.com,https://www.ariemergui.com/nous-contacter,https://facebook.com/newmerguiparis https://instagram.com/merguiparis,contact@prestashop.com,scrap.io,pmonimeau@media-start.fr,NEW,TRY,bijoutier-paris.csv
Lotta Djossou - Artisan Bijoutier,Artisanat d'art,https://lottadjossou.com,+33 1 77 12 77 13,+33 1 77 12 77 13,Europe/Paris,"Hotel Artisanal Atelier - Sur rendez-vous uniquement, 134-140 Rue d'Aubervilliers",Paris,75019,Île-de-France,France,,https://lottadjossou.com/pages/contact,https://facebook.com/pages/lottadjossou-paris/317772331689134 https://instagram.com/lottadjossou.jewelry,,scrap.io,pmonimeau@media-start.fr,NEW,TRY,bijoutier-paris.csv
OMEGA Boutique - Printemps Haussmann,Boutique d'articles de mode,https://www.omegawatches.com,+33 1 42 82 47 68,+33 1 42 82 47 68,Europe/Paris,"Printemps, 64 Bd Haussmann",Paris,75009,Île-de-France,France,printemps.omegastore@swatchgroup.com,https://www.omegawatches.com/fr/myomega/contact-us,https://youtube.com/user/OMEGA https://twitter.com/omegawatches,printemps.omegastore@swatchgroup.com,scrap.io,pmonimeau@media-start.fr,NEW,TRY,bijoutier-paris.csv
Diamonds Factory,Bijoutier,https://www.diamondsfactory.fr,+33 1 85 14 88 30,+33 1 85 14 88 30,Europe/Paris,8 Rue de la Vrillière,Paris,75001,Île-de-France,France,service@diamondsfactory.fr,https://www.diamondsfactory.fr/a-propos-de-nous/contactez-nous,https://facebook.com/diamondsfactoryworld https://twitter.com/diamondsfactory https://instagram.com/diamondsfactoryworld,service@diamondsfactory.fr,scrap.io,pmonimeau@media-start.fr,NEW,TRY,bijoutier-paris.csv
Just Art ! Paris,Magasin de souvenirs,http://www.justart.paris,+33 1 42 74 08 76,+33 1 42 74 08 76,Europe/Paris,3 Rue de Sévigné,Paris,75004,Île-de-France,France,,http://www.justart.paris/pages/contact,https://facebook.com/justartparis https://instagram.com/justart_paris https://instagram.com/en_us/embeds.js,,scrap.io,pmonimeau@media-start.fr,NEW,TRY,bijoutier-paris.csv
Beryllus,Bijoutier,http://www.beryllus-bijoux.com,+33 9 50 43 21 08,+33 9 50 43 21 08,Europe/Paris,10 Rue des Carmes,Paris,75005,Île-de-France,France,nihatakcan@free.fr info@silverinparis.com,,,nihatakcan@free.fr,scrap.io,pmonimeau@media-start.fr,NEW,TRY,bijoutier-paris.csv
THOMAS SABO,Bijouterie fantaisie,https://www.thomassabo.com,+33 1 42 82 77 17,+33 1 42 82 77 17,Europe/Paris,64 Bd Haussmann,Paris,75009,Île-de-France,France,,,https://facebook.com/thomassabounitedstates https://youtube.com/ThomasSaboOfficial https://twitter.com/thomassabo https://instagram.com/thomassabo,,scrap.io,pmonimeau@media-start.fr,NEW,TRY,bijoutier-paris.csv
Atelier Bijouterie Joze Paris,Bijouterie fantaisie,https://joze-paris.fr,+33 7 85 53 56 57,+33 7 85 53 56 57,Europe/Paris,31 Rue Notre Dame de Nazareth,Paris,75003,Île-de-France,France,atelierjozeparis@gmail.com,https://www.joze-paris.fr/contact.html,,atelierjozeparis@gmail.com,scrap.io,pmonimeau@media-start.fr,NEW,TRY,bijoutier-paris.csv
Goralska Joaillerie,Bijoutier,https://www.goralska.com,+33 7 76 73 36 65,+33 7 76 73 36 65,Europe/Paris,20 Rue de la Paix,Paris,75002,Île-de-France,France,office@goralska.com,https://www.goralska.com/contact https://www.goralska.com/en/contact,https://facebook.com/goralska.joaillerie https://youtube.com/channel/UCCIiW_T5DoPfVy_hMocGz9g https://twitter.com/goralskaparis https://instagram.com/goralskajoaillerieparis,office@goralska.com,scrap.io,pmonimeau@media-start.fr,NEW,TRY,bijoutier-paris.csv
Comptoir Joffrin Hermel,Service de réparation de montres et d'horloges,https://www.comptoirjoffrin.com,+33 1 46 06 40 25,+33 1 46 06 40 25,Europe/Paris,28 Rue Hermel,Paris,75018,Île-de-France,France,web@comptoirjoffrin.fr serviceclient@comptoirjoffrin.fr,https://www.comptoirjoffrin.com/contactez-nous,https://facebook.com/pages/comptoir-joffrin/800842089948524 https://facebook.com/comptoirjoffrin https://youtube.com/channel/UCQ4MY8A6PcW8XRRU2secggg http://twitter.com/comptoirjoffrin https://twitter.com/comptoirjoffrin https://instagram.com/comptoirjoffrin,web@comptoirjoffrin.fr,scrap.io,pmonimeau@media-start.fr,NEW,TRY,bijoutier-paris.csv
Louis Pion Paris Passy,Bijoutier,https://boutiques.louispion.fr,+33 1 40 50 82 88,+33 1 40 50 82 88,Europe/Paris,"C. Cial Passy Plaza - Rdc, 53 Rue de Passy",Paris,75016,Île-de-France,France,lespassages226@louispion.fr victorhugo234@louispion.fr lphausmann302@louispion.fr lprivoli303@louispion.fr passageduhavre142@louispion.fr,,,lespassages226@louispion.fr,scrap.io,pmonimeau@media-start.fr,NEW,TRY,bijoutier-paris.csv
LALIQUE - Printemps Paris,Magasin d'ameublement et de décoration,http://www.lalique.com,+33 1 42 82 64 33,+33 1 42 82 64 33,Europe/Paris,61 Rue de Caumartin,Paris,75009,Île-de-France,France,wholesale@lalique.com marketing@lalique.com customerservice@lalique.com bespoke@lalique.com decorations@lalique.com,,https://facebook.com/lalique https://youtube.com/laliqueofficial https://twitter.com/lalique http://instagram.com/lalique https://instagram.com/lalique,wholesale@lalique.com,scrap.io,pmonimeau@media-start.fr,NEW,TRY,bijoutier-paris.csv
Piaget Boutique Paris - DFS La Samaritaine,Bijoutier,https://www.piaget.com,+33 1 88 88 60 00,+33 1 88 88 60 00,Europe/Paris,21 R. de la Monnaie,Paris,75001,Île-de-France,France,customer.care.kr@piaget.com,,https://facebook.com/piaget https://youtube.com/Piaget https://twitter.com/piaget https://instagram.com/piaget https://linkedin.com/company/piaget,customer.care.kr@piaget.com,scrap.io,pmonimeau@media-start.fr,NEW,TRY,bijoutier-paris.csv
Swarovski Instant Wonder Store | Paris,Bijoutier,https://www.swarovski.com,+33 1 81 69 81 24,+33 1 81 69 81 24,Europe/Paris,48 Rue Linois,Paris,75015,Île-de-France,France,contact@swarovski.com,,,contact@swarovski.com,scrap.io,pmonimeau@media-start.fr,NEW,TRY,bijoutier-paris.csv
PANDORA,Bijouterie fantaisie,http://stores.pandora.net,+33 1 49 24 95 62,+33 1 49 24 95 62,Europe/Paris,1 Cour du Havre C. Cial. Gare Saint Lazare,Paris,75008,Île-de-France,France,,https://help.pandora.net/fr/s/contactsupport,https://facebook.com/pandorajewelry https://facebook.com/pandorajewelryusa https://youtube.com/user/TheOfficialPandora https://twitter.com https://twitter.com/pandora_na https://instagram.com/theofficialpandora,,scrap.io,pmonimeau@media-start.fr,NEW,TRY,bijoutier-paris.csv
Chaumet,Bijoutier,http://www.chaumet.com,+33 1 44 77 24 24,+33 1 44 77 24 24,Europe/Paris,12 Pl. Vendôme,Paris,75001,Île-de-France,France,madrid@chaumet.com shop@chaumet.com shopau@chaumet.com shophk@chaumet.com shopjp@chaumet.com,,https://facebook.com/chaumet https://youtube.com/user/Chaumet https://twitter.com/chaumet https://instagram.com/chaumetofficial https://linkedin.com/company/chaumet,madrid@chaumet.com,scrap.io,pmonimeau@media-start.fr,NEW,TRY,bijoutier-paris.csv
L'Emeraude,Bijoutier,http://www.emeraude.fr,+33 1 47 42 40 82,+33 1 47 42 40 82,Europe/Paris,25 Rue Louis le Grand,Paris,75002,Île-de-France,France,emeraude.paris@live.fr,https://www.emeraude.fr/contact,https://facebook.com/bijouterie.lemeraude,emeraude.paris@live.fr,scrap.io,pmonimeau@media-start.fr,NEW,TRY,bijoutier-paris.csv
Osprey Paris,Magasin de meubles anciens,http://www.osprey.fr,+33 1 40 15 90 00,+33 1 40 15 90 00,Europe/Paris,278 Rue Saint-Honoré,Paris,75001,Île-de-France,France,info@osprey.fr,http://www.osprey.fr/contact https://www.osprey.fr/contact https://www.osprey.fr/en/contact,https://facebook.com/ospreybijoux https://twitter.com/osprey_paris https://instagram.com/osprey.paris,info@osprey.fr,scrap.io,pmonimeau@media-start.fr,NEW,TRY,bijoutier-paris.csv
Marbella Paris,Bijouterie fantaisie,http://www.marbellaparis.fr,+33 1 55 28 17 66,+33 1 55 28 17 66,Europe/Paris,128 Rue la Boétie,Paris,75008,Île-de-France,France,contact@marbellaparis.com,https://www.marbellaparis.fr/nous-contacter,https://facebook.com/marbellaparisbijouxdepeau https://twitter.com/marbellaparis https://instagram.com/marbellaparis,contact@marbellaparis.com,scrap.io,pmonimeau@media-start.fr,NEW,TRY,bijoutier-paris.csv
Les Pierres de Julie,Bijoutier,http://www.lespierresdejulie.com,+33 1 43 06 36 30,+33 1 43 06 36 30,Europe/Paris,1 Av. Paul Déroulède,Paris,75015,Île-de-France,France,contact@lespierresdejulie.com,http://www.lespierresdejulie.com/fr/bijoux-rares-paris/contact https://www.lespierresdejulie.com/fr/bijoux-rares-paris/contact https://www.lespierresdejulie.com/en/paris-jewelery-shop/contact,https://facebook.com/lespierresdejulie http://twitter.com/pierresdejulie https://instagram.com/pierresdejulie https://instagram.com/reel/cg30wnggjek https://instagram.com/reel/cgpg16coe_x,contact@lespierresdejulie.com,scrap.io,pmonimeau@media-start.fr,NEW,TRY,bijoutier-paris.csv
Bijouterie Castellane,Bijoutier,,+33 1 40 45 03 03,+33 1 40 45 03 03,Europe/Paris,26 Rue Péclet,Paris,75015,Île-de-France,France,,,,,scrap.io,pmonimeau@media-start.fr,NEW,TRY,bijoutier-paris.csv
Bijouterie Soann Joaillier Paris,Acheteur de diamants,https://soann-joaillerie-paris.fr,+33 1 47 05 53 15,+33 1 47 05 53 15,Europe/Paris,175 Rue de Grenelle,Paris,75007,Île-de-France,France,contact@prestashop.com contact@soann-joaillerie-paris.fr license@prestashop.com,https://soann-joaillerie-paris.fr/nous-contacter,https://facebook.com/soannjewel https://instagram.com/soann_joaillier https://instagram.com/soannjewel,contact@prestashop.com,scrap.io,pmonimeau@media-start.fr,NEW,TRY,bijoutier-paris.csv
Christofle,Orfèvre,https://www.christofle.com,+33 1 46 47 51 27,+33 1 46 47 51 27,Europe/Paris,95 Rue de Passy,Paris,75016,Île-de-France,France,clients@christofle.com dataprivacy_america@christofle.com dataprivacy_americas@christofle.com dataprivacy_asia@christofle.com dataprivacy_china@christofle.com,https://www.christofle.com/eu_fr/contact/contactez-nous.html https://www.christofle.com/eu_fr/contact/customer-service.html,https://facebook.com/christofle https://youtube.com/christofleparis https://instagram.com/christofle https://linkedin.com/company/christofle,clients@christofle.com,scrap.io,pmonimeau@media-start.fr,NEW,TRY,bijoutier-paris.csv
Junlon Joaillerie Paris,Bijoutier,,+33 1 44 51 91 33,+33 1 44 51 91 33,Europe/Paris,9 Rue Royale,Paris,75008,Île-de-France,France,,,,,scrap.io,pmonimeau@media-start.fr,NEW,TRY,bijoutier-paris.csv
Christofle,Orfèvre,https://www.christofle.com,+33 1 55 27 99 17,+33 1 55 27 99 17,Europe/Paris,9 Rue Royale,Paris,75008,Île-de-France,France,clients@christofle.com dataprivacy_america@christofle.com dataprivacy_americas@christofle.com dataprivacy_asia@christofle.com dataprivacy_china@christofle.com,https://www.christofle.com/eu_fr/contact/contactez-nous.html https://www.christofle.com/eu_fr/contact/customer-service.html,https://facebook.com/christofle https://youtube.com/christofleparis https://instagram.com/christofle https://linkedin.com/company/christofle,clients@christofle.com,scrap.io,pmonimeau@media-start.fr,NEW,TRY,bijoutier-paris.csv
APM Monaco Paris Galeries Lafayette Haussman,Bijoutier,http://www.apm.mc,+33 1 40 38 45 56,+33 1 40 38 45 56,Europe/Paris,40 Bd Haussmann Galeries Lafayette,Paris,75009,Île-de-France,France,customercare@apm.mc apmanshanwxh@apm.mc apmbaojiky@apm.mc apmbeijingchinaworld@apm.mc apmbeijinggalerieslafayette@apm.mc,http://www.apm.mc/pages/contact-us https://www.apm.mc/pages/contact-us,https://facebook.com/apmmonacojewellery https://youtube.com/c/APMMonaco https://instagram.com/apmmonaco https://instagram.com/explore/tags/apmtalents https://linkedin.com/company/apm-monaco,customercare@apm.mc,scrap.io,pmonimeau@media-start.fr,NEW,TRY,bijoutier-paris.csv
Emmanuelle Zysman,Bijoutier,http://www.emmanuellezysman.fr,+33 1 42 22 05 57,+33 1 42 22 05 57,Europe/Paris,33 Rue de Grenelle,Paris,75007,Île-de-France,France,,https://www.emmanuellezysman.fr/shop/fr/content/13-contact-form https://www.emmanuellezysman.fr/shop/en/content/13-contact-form,nan https://instagram.com/emmanuellezysman,,scrap.io,pmonimeau@media-start.fr,NEW,TRY,bijoutier-paris.csv
Montblanc,Bijoutier,http://www.montblanc.fr,+33 1 73 13 93 44,+33 1 73 13 93 44,Europe/Paris,12 Bd des Capucines,Paris,75009,Île-de-France,France,,,,,scrap.io,pmonimeau@media-start.fr,NEW,TRY,bijoutier-paris.csv
GERALY,Bijoutier,http://www.natheys.com,+33 1 42 77 03 46,+33 1 42 77 03 46,Europe/Paris,29 Bd Saint-Martin,Paris,75003,Île-de-France,France,,,,,scrap.io,pmonimeau@media-start.fr,NEW,TRY,bijoutier-paris.csv
Piaget Boutique Paris - Galeries Lafayette Haussmann,Bijoutier,https://www.piaget.com,+33 1 70 93 85 22,+33 1 70 93 85 22,Europe/Paris,"40, boulevard Haussmann Galeries Lafayette Haussmann",Paris,75009,Île-de-France,France,customer.care.kr@piaget.com,,https://facebook.com/piaget https://youtube.com/Piaget https://twitter.com/piaget https://instagram.com/piaget https://linkedin.com/company/piaget,customer.care.kr@piaget.com,scrap.io,pmonimeau@media-start.fr,NEW,TRY,bijoutier-paris.csv
OMEGA Boutique - Rue de Sèvres,Boutique d'articles de mode,https://www.omegawatches.com,+33 1 45 44 11 34,+33 1 45 44 11 34,Europe/Paris,12 Rue de Sèvres,Paris,75007,Île-de-France,France,sevres.omegastore@swatchgroup.com,https://www.omegawatches.com/fr/myomega/contact-us,https://youtube.com/user/OMEGA https://twitter.com/omegawatches,sevres.omegastore@swatchgroup.com,scrap.io,pmonimeau@media-start.fr,NEW,TRY,bijoutier-paris.csv
Guy Ellia,Bijoutier,,+33 1 53 30 25 25,+33 1 53 30 25 25,Europe/Paris,16 Pl. Vendôme,Paris,75001,Île-de-France,France,,,,,scrap.io,pmonimeau@media-start.fr,NEW,TRY,bijoutier-paris.csv
Atelier Orelya - Sertisseurs à Paris,Bijoutier,http://instagram.com,+33 1 40 06 03 47,+33 1 40 06 03 47,Europe/Paris,14 Rue de la Michodière,Paris,75002,Île-de-France,France,,,nan http://instagram.com/orelyajewelry,,scrap.io,pmonimeau@media-start.fr,NEW,TRY,bijoutier-paris.csv
Chez Nana,Styliste,https://atelierpioupiou.com,+33 1 77 10 11 09,+33 1 77 10 11 09,Europe/Paris,19 Rue d'Hauteville,Paris,75010,Île-de-France,France,,https://atelierpioupiou.com/fr/nous-contacter,,,scrap.io,pmonimeau@media-start.fr,NEW,TRY,bijoutier-paris.csv
Diamantaires Paris OG - Rachat Bijoux,Bijoutier,https://diamantaire-paris.com,+33 1 48 87 23 37,+33 1 48 87 23 37,Europe/Paris,43 Rue Beaubourg,Paris,75003,Île-de-France,France,achat@diamantaire-paris.com bbueno@hotmail.fr contact@obagem.fr,,https://facebook.com/diamantairesog https://youtube.com/channel/UC3qy9kpaC2gjhnYchWWU2oQ https://twitter.com/diamantairesog https://linkedin.com/company/18888227,achat@diamantaire-paris.com,scrap.io,pmonimeau@media-start.fr,NEW,TRY,bijoutier-paris.csv
Miss Bijoux,Service de réparation de montres et d'horloges,http://missbijoux-paris.com,+33 1 42 62 40 58,+33 1 42 62 40 58,Europe/Paris,12 Bd Barbès,Paris,75018,Île-de-France,France,personnalisation@missbijoux-paris.com,,https://facebook.com/missbijouxparis https://youtube.com/channel/UCvph0ii0VWHdGe3fbCHnv0A/featured https://youtube.com/channel/UCvph0ii0VWHdGe3fbCHnv0A https://twitter.com/missbijouxp https://instagram.com/missbijouxparis https://instagram.com/missyou_paris,personnalisation@missbijoux-paris.com,scrap.io,pmonimeau@media-start.fr,NEW,TRY,bijoutier-paris.csv
Corner Messika - Galeries Lafayette Haussmann,Bijoutier,https://www.messika.com,+33 1 70 39 18 19,+33 1 70 39 18 19,Europe/Paris,40 Bd Haussmann,Paris,75009,Île-de-France,France,,https://www.messika.com/fr/contact,https://facebook.com/messikajewelry https://youtube.com/user/MessikaJewelry/videos https://instagram.com/messikajewelry https://linkedin.com/mwlite/company/messika-paris,,scrap.io,pmonimeau@media-start.fr,NEW,TRY,bijoutier-paris.csv
Jaubalet,Diamantaire,http://www.jaubalet-paris.fr,+33 1 53 45 54 10,+33 1 53 45 54 10,Europe/Paris,10 Pl. Vendôme,Paris,75001,Île-de-France,France,marek@promokit.eu,,,marek@promokit.eu,scrap.io,pmonimeau@media-start.fr,NEW,TRY,bijoutier-paris.csv
Bijouterie Nostalgie - Métro Daumesnil - Paris 12,Artisanat,http://www.bijouterienostalgie.com,+33 1 43 42 31 22,+33 1 43 42 31 22,Europe/Paris,160 Av. Daumesnil,Paris,75012,Île-de-France,France,,https://www.bijouterienostalgie.com/contact,https://facebook.com/bijouterienostalgie https://twitter.com/bijouterienostalgie https://instagram.com/bijouterienostalgie http://instagram.com/bijouterienostalgie,,scrap.io,pmonimeau@media-start.fr,NEW,TRY,bijoutier-paris.csv
"Abraxas / 23 Keller, body piercing & tattoo - Bastille",Salon de piercing,http://23keller.com,+33 1 47 00 73 60,+33 1 47 00 73 60,Europe/Paris,23 Rue Keller,Paris,75011,Île-de-France,France,tattoo@23keller.com piercing@23keller.com communication@abraxas.fr,https://23keller.com/contact,https://facebook.com/23keller,tattoo@23keller.com,scrap.io,pmonimeau@media-start.fr,NEW,TRY,bijoutier-paris.csv
Printemps Haussmann - Boutique Messika,Bijoutier,https://www.printemps.com,+33 1 42 82 50 00,+33 1 42 82 50 00,Europe/Paris,64 Bd Haussmann,Paris,75009,Île-de-France,France,martine@printemps.com nom@gmail.com nom@mail.com printemps@cultival.fr printempsdugout@printemps.fr,,https://facebook.com/printempscom https://facebook.com/printemps https://youtube.com/channel/UC3lHSQHB_Op5SysjtIvSV4g https://youtube.com/channel/UCmGKSlPL0c4Mup6c7vEVnqg https://twitter.com/printemps_com https://twitter.com/printemps https://instagram.com/printempscom https://instagram.com/printemps,martine@printemps.com,scrap.io,pmonimeau@media-start.fr,NEW,TRY,bijoutier-paris.csv
ROZET joaillier designer,Boutique de perles,http://rozetjoaillierdesigner.com,+33 1 53 34 06 95,+33 1 53 34 06 95,Europe/Paris,110 Bd de Courcelles,Paris,75017,Île-de-France,France,rozetdesign@orange.fr x22rozetdesign@orange.fr,,,rozetdesign@orange.fr,scrap.io,pmonimeau@media-start.fr,NEW,TRY,bijoutier-paris.csv
AgJc atelier,Bijoutier,http://www.ag-jc.com,+33 6 38 40 94 53,+33 6 38 40 94 53,Europe/Paris,11 Rue Saint-Blaise,Paris,75020,Île-de-France,France,info@ag-jc.com letter@laposte.fr,http://www.ag-jc.com/pages/contact-us,https://facebook.com/agjc.atelier https://facebook.com/settings https://instagram.com/leregard_agjc,info@ag-jc.com,scrap.io,pmonimeau@media-start.fr,NEW,TRY,bijoutier-paris.csv
Bijouterie MILLER Paris,Bijoutier,https://www.miller.fr,+33 1 42 61 63 13,+33 1 42 61 63 13,Europe/Paris,233 Rue Saint-Honoré,Paris,75001,Île-de-France,France,,https://www.miller.fr/contact https://www.miller.fr/en/contact,nan https://instagram.com/bijoux_miller,,scrap.io,pmonimeau@media-start.fr,NEW,TRY,bijoutier-paris.csv
APM Monaco Paris BHV,Bijoutier,http://www.apm.mc,+33 1 40 29 94 59,+33 1 40 29 94 59,Europe/Paris,"BHV Marais, 52 Rue de Rivoli",Paris,75004,Île-de-France,France,customercare@apm.mc apmanshanwxh@apm.mc apmbaojiky@apm.mc apmbeijingchinaworld@apm.mc apmbeijinggalerieslafayette@apm.mc,http://www.apm.mc/pages/contact-us https://www.apm.mc/pages/contact-us,https://facebook.com/apmmonacojewellery https://youtube.com/c/APMMonaco https://instagram.com/apmmonaco https://instagram.com/explore/tags/apmtalents https://linkedin.com/company/apm-monaco,customercare@apm.mc,scrap.io,pmonimeau@media-start.fr,NEW,TRY,bijoutier-paris.csv
or-antiquite,Magasin de meubles anciens,http://www.or-antiquite.fr,+33 1 40 22 00 74,+33 1 40 22 00 74,Europe/Paris,2 Rue Drouot,Paris,75009,Île-de-France,France,levyjammes@gmail.com info@or-antiquite.fr,http://www.or-antiquite.fr/nous-contacter,,levyjammes@gmail.com,scrap.io,pmonimeau@media-start.fr,NEW,TRY,bijoutier-paris.csv
Gudule,Bijoutier,http://www.gudule.com,+33 1 44 07 05 04,+33 1 44 07 05 04,Europe/Paris,72 Rue Saint-André des Arts,Paris,75006,Île-de-France,France,service.client@gudule.com,https://www.gudule.com/contact,,service.client@gudule.com,scrap.io,pmonimeau@media-start.fr,NEW,TRY,bijoutier-paris.csv
